scenario;rakv;rakennus_tyyppi;sahko_kiinteisto_kwhm2
wem;9999;erpien;1
wem;9999;rivita;5
wem;9999;askert;5
wem;9999;liike;15
wem;9999;tsto;10
wem;9999;liiken;15
wem;9999;hoito;30
wem;9999;kokoon;15
wem;9999;opetus;10
wem;9999;teoll;0
wem;9999;varast;0
wem;9999;muut;15
wem;1920;erpien;1
wem;1920;rivita;5
wem;1920;askert;5
wem;1920;liike;15
wem;1920;tsto;10
wem;1920;liiken;15
wem;1920;hoito;30
wem;1920;kokoon;15
wem;1920;opetus;10
wem;1920;teoll;0
wem;1920;varast;0
wem;1920;muut;15
wem;1929;erpien;1
wem;1929;rivita;6
wem;1929;askert;6
wem;1929;liike;15
wem;1929;tsto;10
wem;1929;liiken;15
wem;1929;hoito;30
wem;1929;kokoon;15
wem;1929;opetus;10
wem;1929;teoll;0
wem;1929;varast;0
wem;1929;muut;15
wem;1939;erpien;2
wem;1939;rivita;7
wem;1939;askert;7
wem;1939;liike;17
wem;1939;tsto;12
wem;1939;liiken;17
wem;1939;hoito;32
wem;1939;kokoon;17
wem;1939;opetus;12
wem;1939;teoll;0
wem;1939;varast;0
wem;1939;muut;17
wem;1949;erpien;2
wem;1949;rivita;10
wem;1949;askert;9
wem;1949;liike;19
wem;1949;tsto;14
wem;1949;liiken;19
wem;1949;hoito;34
wem;1949;kokoon;19
wem;1949;opetus;14
wem;1949;teoll;0
wem;1949;varast;0
wem;1949;muut;19
wem;1959;erpien;3
wem;1959;rivita;12
wem;1959;askert;12
wem;1959;liike;20
wem;1959;tsto;15
wem;1959;liiken;20
wem;1959;hoito;35
wem;1959;kokoon;20
wem;1959;opetus;15
wem;1959;teoll;0
wem;1959;varast;0
wem;1959;muut;20
wem;1969;erpien;7
wem;1969;rivita;14
wem;1969;askert;16
wem;1969;liike;25
wem;1969;tsto;20
wem;1969;liiken;25
wem;1969;hoito;40
wem;1969;kokoon;25
wem;1969;opetus;20
wem;1969;teoll;0
wem;1969;varast;0
wem;1969;muut;25
wem;1979;erpien;10
wem;1979;rivita;18
wem;1979;askert;20
wem;1979;liike;30
wem;1979;tsto;25
wem;1979;liiken;30
wem;1979;hoito;45
wem;1979;kokoon;30
wem;1979;opetus;25
wem;1979;teoll;0
wem;1979;varast;0
wem;1979;muut;30
wem;1989;erpien;15
wem;1989;rivita;16
wem;1989;askert;19
wem;1989;liike;27
wem;1989;tsto;22
wem;1989;liiken;27
wem;1989;hoito;42
wem;1989;kokoon;27
wem;1989;opetus;22
wem;1989;teoll;0
wem;1989;varast;0
wem;1989;muut;27
wem;1999;erpien;18
wem;1999;rivita;14
wem;1999;askert;19
wem;1999;liike;25
wem;1999;tsto;20
wem;1999;liiken;25
wem;1999;hoito;40
wem;1999;kokoon;25
wem;1999;opetus;20
wem;1999;teoll;0
wem;1999;varast;0
wem;1999;muut;25
wem;2009;erpien;20
wem;2009;rivita;14
wem;2009;askert;23
wem;2009;liike;25
wem;2009;tsto;20
wem;2009;liiken;25
wem;2009;hoito;40
wem;2009;kokoon;25
wem;2009;opetus;20
wem;2009;teoll;0
wem;2009;varast;0
wem;2009;muut;25
wem;2010;erpien;17
wem;2010;rivita;22
wem;2010;askert;24
wem;2010;liike;26
wem;2010;tsto;21
wem;2010;liiken;26
wem;2010;hoito;41
wem;2010;kokoon;26
wem;2010;opetus;21
wem;2010;teoll;0
wem;2010;varast;0
wem;2010;muut;26
wem;2018;erpien;10
wem;2018;rivita;20
wem;2018;askert;22
wem;2018;liike;25
wem;2018;tsto;20
wem;2018;liiken;25
wem;2018;hoito;35
wem;2018;kokoon;25
wem;2018;opetus;20
wem;2018;teoll;0
wem;2018;varast;0
wem;2018;muut;25
wem;2019;erpien;10
wem;2019;rivita;20
wem;2019;askert;22
wem;2019;liike;25
wem;2019;tsto;20
wem;2019;liiken;25
wem;2019;hoito;35
wem;2019;kokoon;25
wem;2019;opetus;20
wem;2019;teoll;0
wem;2019;varast;0
wem;2019;muut;25
wem;2020;erpien;10
wem;2020;rivita;20
wem;2020;askert;22
wem;2020;liike;25
wem;2020;tsto;20
wem;2020;liiken;25
wem;2020;hoito;35
wem;2020;kokoon;25
wem;2020;opetus;20
wem;2020;teoll;0
wem;2020;varast;0
wem;2020;muut;25
wem;2021;erpien;10
wem;2021;rivita;20
wem;2021;askert;22
wem;2021;liike;25
wem;2021;tsto;20
wem;2021;liiken;25
wem;2021;hoito;35
wem;2021;kokoon;25
wem;2021;opetus;20
wem;2021;teoll;0
wem;2021;varast;0
wem;2021;muut;25
wem;2022;erpien;10
wem;2022;rivita;20
wem;2022;askert;22
wem;2022;liike;25
wem;2022;tsto;20
wem;2022;liiken;25
wem;2022;hoito;35
wem;2022;kokoon;25
wem;2022;opetus;20
wem;2022;teoll;0
wem;2022;varast;0
wem;2022;muut;25
wem;2023;erpien;10
wem;2023;rivita;20
wem;2023;askert;22
wem;2023;liike;25
wem;2023;tsto;20
wem;2023;liiken;25
wem;2023;hoito;35
wem;2023;kokoon;25
wem;2023;opetus;20
wem;2023;teoll;0
wem;2023;varast;0
wem;2023;muut;25
wem;2024;erpien;10
wem;2024;rivita;20
wem;2024;askert;22
wem;2024;liike;25
wem;2024;tsto;20
wem;2024;liiken;25
wem;2024;hoito;35
wem;2024;kokoon;25
wem;2024;opetus;20
wem;2024;teoll;0
wem;2024;varast;0
wem;2024;muut;25
wem;2025;erpien;10
wem;2025;rivita;20
wem;2025;askert;22
wem;2025;liike;25
wem;2025;tsto;20
wem;2025;liiken;25
wem;2025;hoito;35
wem;2025;kokoon;25
wem;2025;opetus;20
wem;2025;teoll;0
wem;2025;varast;0
wem;2025;muut;25
wem;2026;erpien;10
wem;2026;rivita;20
wem;2026;askert;22
wem;2026;liike;25
wem;2026;tsto;20
wem;2026;liiken;25
wem;2026;hoito;35
wem;2026;kokoon;25
wem;2026;opetus;20
wem;2026;teoll;0
wem;2026;varast;0
wem;2026;muut;25
wem;2027;erpien;10
wem;2027;rivita;20
wem;2027;askert;22
wem;2027;liike;25
wem;2027;tsto;20
wem;2027;liiken;25
wem;2027;hoito;35
wem;2027;kokoon;25
wem;2027;opetus;20
wem;2027;teoll;0
wem;2027;varast;0
wem;2027;muut;25
wem;2028;erpien;10
wem;2028;rivita;20
wem;2028;askert;22
wem;2028;liike;25
wem;2028;tsto;20
wem;2028;liiken;25
wem;2028;hoito;35
wem;2028;kokoon;25
wem;2028;opetus;20
wem;2028;teoll;0
wem;2028;varast;0
wem;2028;muut;25
wem;2029;erpien;10
wem;2029;rivita;20
wem;2029;askert;22
wem;2029;liike;25
wem;2029;tsto;20
wem;2029;liiken;25
wem;2029;hoito;35
wem;2029;kokoon;25
wem;2029;opetus;20
wem;2029;teoll;0
wem;2029;varast;0
wem;2029;muut;25
wem;2030;erpien;10
wem;2030;rivita;20
wem;2030;askert;22
wem;2030;liike;25
wem;2030;tsto;20
wem;2030;liiken;25
wem;2030;hoito;35
wem;2030;kokoon;25
wem;2030;opetus;20
wem;2030;teoll;0
wem;2030;varast;0
wem;2030;muut;25
wem;2031;erpien;10
wem;2031;rivita;20
wem;2031;askert;22
wem;2031;liike;25
wem;2031;tsto;20
wem;2031;liiken;25
wem;2031;hoito;35
wem;2031;kokoon;25
wem;2031;opetus;20
wem;2031;teoll;0
wem;2031;varast;0
wem;2031;muut;25
wem;2032;erpien;10
wem;2032;rivita;20
wem;2032;askert;22
wem;2032;liike;25
wem;2032;tsto;20
wem;2032;liiken;25
wem;2032;hoito;35
wem;2032;kokoon;25
wem;2032;opetus;20
wem;2032;teoll;0
wem;2032;varast;0
wem;2032;muut;25
wem;2033;erpien;10
wem;2033;rivita;20
wem;2033;askert;22
wem;2033;liike;25
wem;2033;tsto;20
wem;2033;liiken;25
wem;2033;hoito;35
wem;2033;kokoon;25
wem;2033;opetus;20
wem;2033;teoll;0
wem;2033;varast;0
wem;2033;muut;25
wem;2034;erpien;10
wem;2034;rivita;20
wem;2034;askert;22
wem;2034;liike;25
wem;2034;tsto;20
wem;2034;liiken;25
wem;2034;hoito;35
wem;2034;kokoon;25
wem;2034;opetus;20
wem;2034;teoll;0
wem;2034;varast;0
wem;2034;muut;25
wem;2035;erpien;10
wem;2035;rivita;20
wem;2035;askert;22
wem;2035;liike;25
wem;2035;tsto;20
wem;2035;liiken;25
wem;2035;hoito;35
wem;2035;kokoon;25
wem;2035;opetus;20
wem;2035;teoll;0
wem;2035;varast;0
wem;2035;muut;25
wem;2036;erpien;10
wem;2036;rivita;20
wem;2036;askert;22
wem;2036;liike;25
wem;2036;tsto;20
wem;2036;liiken;25
wem;2036;hoito;35
wem;2036;kokoon;25
wem;2036;opetus;20
wem;2036;teoll;0
wem;2036;varast;0
wem;2036;muut;25
wem;2037;erpien;10
wem;2037;rivita;20
wem;2037;askert;22
wem;2037;liike;25
wem;2037;tsto;20
wem;2037;liiken;25
wem;2037;hoito;35
wem;2037;kokoon;25
wem;2037;opetus;20
wem;2037;teoll;0
wem;2037;varast;0
wem;2037;muut;25
wem;2038;erpien;10
wem;2038;rivita;20
wem;2038;askert;22
wem;2038;liike;25
wem;2038;tsto;20
wem;2038;liiken;25
wem;2038;hoito;35
wem;2038;kokoon;25
wem;2038;opetus;20
wem;2038;teoll;0
wem;2038;varast;0
wem;2038;muut;25
wem;2039;erpien;10
wem;2039;rivita;20
wem;2039;askert;22
wem;2039;liike;25
wem;2039;tsto;20
wem;2039;liiken;25
wem;2039;hoito;35
wem;2039;kokoon;25
wem;2039;opetus;20
wem;2039;teoll;0
wem;2039;varast;0
wem;2039;muut;25
wem;2040;erpien;10
wem;2040;rivita;20
wem;2040;askert;22
wem;2040;liike;25
wem;2040;tsto;20
wem;2040;liiken;25
wem;2040;hoito;35
wem;2040;kokoon;25
wem;2040;opetus;20
wem;2040;teoll;0
wem;2040;varast;0
wem;2040;muut;25
wem;2041;erpien;10
wem;2041;rivita;20
wem;2041;askert;22
wem;2041;liike;25
wem;2041;tsto;20
wem;2041;liiken;25
wem;2041;hoito;35
wem;2041;kokoon;25
wem;2041;opetus;20
wem;2041;teoll;0
wem;2041;varast;0
wem;2041;muut;25
wem;2042;erpien;10
wem;2042;rivita;20
wem;2042;askert;22
wem;2042;liike;25
wem;2042;tsto;20
wem;2042;liiken;25
wem;2042;hoito;35
wem;2042;kokoon;25
wem;2042;opetus;20
wem;2042;teoll;0
wem;2042;varast;0
wem;2042;muut;25
wem;2043;erpien;10
wem;2043;rivita;20
wem;2043;askert;22
wem;2043;liike;25
wem;2043;tsto;20
wem;2043;liiken;25
wem;2043;hoito;35
wem;2043;kokoon;25
wem;2043;opetus;20
wem;2043;teoll;0
wem;2043;varast;0
wem;2043;muut;25
wem;2044;erpien;10
wem;2044;rivita;20
wem;2044;askert;22
wem;2044;liike;25
wem;2044;tsto;20
wem;2044;liiken;25
wem;2044;hoito;35
wem;2044;kokoon;25
wem;2044;opetus;20
wem;2044;teoll;0
wem;2044;varast;0
wem;2044;muut;25
wem;2045;erpien;10
wem;2045;rivita;20
wem;2045;askert;22
wem;2045;liike;25
wem;2045;tsto;20
wem;2045;liiken;25
wem;2045;hoito;35
wem;2045;kokoon;25
wem;2045;opetus;20
wem;2045;teoll;0
wem;2045;varast;0
wem;2045;muut;25
wem;2046;erpien;10
wem;2046;rivita;20
wem;2046;askert;22
wem;2046;liike;25
wem;2046;tsto;20
wem;2046;liiken;25
wem;2046;hoito;35
wem;2046;kokoon;25
wem;2046;opetus;20
wem;2046;teoll;0
wem;2046;varast;0
wem;2046;muut;25
wem;2047;erpien;10
wem;2047;rivita;20
wem;2047;askert;22
wem;2047;liike;25
wem;2047;tsto;20
wem;2047;liiken;25
wem;2047;hoito;35
wem;2047;kokoon;25
wem;2047;opetus;20
wem;2047;teoll;0
wem;2047;varast;0
wem;2047;muut;25
wem;2048;erpien;10
wem;2048;rivita;20
wem;2048;askert;22
wem;2048;liike;25
wem;2048;tsto;20
wem;2048;liiken;25
wem;2048;hoito;35
wem;2048;kokoon;25
wem;2048;opetus;20
wem;2048;teoll;0
wem;2048;varast;0
wem;2048;muut;25
wem;2049;erpien;10
wem;2049;rivita;20
wem;2049;askert;22
wem;2049;liike;25
wem;2049;tsto;20
wem;2049;liiken;25
wem;2049;hoito;35
wem;2049;kokoon;25
wem;2049;opetus;20
wem;2049;teoll;0
wem;2049;varast;0
wem;2049;muut;25
wem;2050;erpien;10
wem;2050;rivita;20
wem;2050;askert;22
wem;2050;liike;25
wem;2050;tsto;20
wem;2050;liiken;25
wem;2050;hoito;35
wem;2050;kokoon;25
wem;2050;opetus;20
wem;2050;teoll;0
wem;2050;varast;0
wem;2050;muut;25
eu80;9999;erpien;1
eu80;9999;rivita;5
eu80;9999;askert;5
eu80;9999;liike;15
eu80;9999;tsto;10
eu80;9999;liiken;15
eu80;9999;hoito;30
eu80;9999;kokoon;15
eu80;9999;opetus;10
eu80;9999;teoll;0
eu80;9999;varast;0
eu80;9999;muut;15
eu80;1920;erpien;1
eu80;1920;rivita;5
eu80;1920;askert;5
eu80;1920;liike;15
eu80;1920;tsto;10
eu80;1920;liiken;15
eu80;1920;hoito;30
eu80;1920;kokoon;15
eu80;1920;opetus;10
eu80;1920;teoll;0
eu80;1920;varast;0
eu80;1920;muut;15
eu80;1929;erpien;1
eu80;1929;rivita;6
eu80;1929;askert;6
eu80;1929;liike;15
eu80;1929;tsto;10
eu80;1929;liiken;15
eu80;1929;hoito;30
eu80;1929;kokoon;15
eu80;1929;opetus;10
eu80;1929;teoll;0
eu80;1929;varast;0
eu80;1929;muut;15
eu80;1939;erpien;2
eu80;1939;rivita;7
eu80;1939;askert;7
eu80;1939;liike;17
eu80;1939;tsto;12
eu80;1939;liiken;17
eu80;1939;hoito;32
eu80;1939;kokoon;17
eu80;1939;opetus;12
eu80;1939;teoll;0
eu80;1939;varast;0
eu80;1939;muut;17
eu80;1949;erpien;2
eu80;1949;rivita;10
eu80;1949;askert;9
eu80;1949;liike;19
eu80;1949;tsto;14
eu80;1949;liiken;19
eu80;1949;hoito;34
eu80;1949;kokoon;19
eu80;1949;opetus;14
eu80;1949;teoll;0
eu80;1949;varast;0
eu80;1949;muut;19
eu80;1959;erpien;3
eu80;1959;rivita;12
eu80;1959;askert;12
eu80;1959;liike;20
eu80;1959;tsto;15
eu80;1959;liiken;20
eu80;1959;hoito;35
eu80;1959;kokoon;20
eu80;1959;opetus;15
eu80;1959;teoll;0
eu80;1959;varast;0
eu80;1959;muut;20
eu80;1969;erpien;7
eu80;1969;rivita;14
eu80;1969;askert;16
eu80;1969;liike;25
eu80;1969;tsto;20
eu80;1969;liiken;25
eu80;1969;hoito;40
eu80;1969;kokoon;25
eu80;1969;opetus;20
eu80;1969;teoll;0
eu80;1969;varast;0
eu80;1969;muut;25
eu80;1979;erpien;10
eu80;1979;rivita;18
eu80;1979;askert;20
eu80;1979;liike;30
eu80;1979;tsto;25
eu80;1979;liiken;30
eu80;1979;hoito;45
eu80;1979;kokoon;30
eu80;1979;opetus;25
eu80;1979;teoll;0
eu80;1979;varast;0
eu80;1979;muut;30
eu80;1989;erpien;15
eu80;1989;rivita;16
eu80;1989;askert;19
eu80;1989;liike;27
eu80;1989;tsto;22
eu80;1989;liiken;27
eu80;1989;hoito;42
eu80;1989;kokoon;27
eu80;1989;opetus;22
eu80;1989;teoll;0
eu80;1989;varast;0
eu80;1989;muut;27
eu80;1999;erpien;18
eu80;1999;rivita;14
eu80;1999;askert;19
eu80;1999;liike;25
eu80;1999;tsto;20
eu80;1999;liiken;25
eu80;1999;hoito;40
eu80;1999;kokoon;25
eu80;1999;opetus;20
eu80;1999;teoll;0
eu80;1999;varast;0
eu80;1999;muut;25
eu80;2009;erpien;20
eu80;2009;rivita;14
eu80;2009;askert;23
eu80;2009;liike;25
eu80;2009;tsto;20
eu80;2009;liiken;25
eu80;2009;hoito;40
eu80;2009;kokoon;25
eu80;2009;opetus;20
eu80;2009;teoll;0
eu80;2009;varast;0
eu80;2009;muut;25
eu80;2010;erpien;17
eu80;2010;rivita;22
eu80;2010;askert;24
eu80;2010;liike;26
eu80;2010;tsto;21
eu80;2010;liiken;26
eu80;2010;hoito;41
eu80;2010;kokoon;26
eu80;2010;opetus;21
eu80;2010;teoll;0
eu80;2010;varast;0
eu80;2010;muut;26
eu80;2018;erpien;10
eu80;2018;rivita;20
eu80;2018;askert;22
eu80;2018;liike;25
eu80;2018;tsto;20
eu80;2018;liiken;25
eu80;2018;hoito;35
eu80;2018;kokoon;25
eu80;2018;opetus;20
eu80;2018;teoll;0
eu80;2018;varast;0
eu80;2018;muut;25
eu80;2019;erpien;10
eu80;2019;rivita;20
eu80;2019;askert;22
eu80;2019;liike;25
eu80;2019;tsto;20
eu80;2019;liiken;25
eu80;2019;hoito;35
eu80;2019;kokoon;25
eu80;2019;opetus;20
eu80;2019;teoll;0
eu80;2019;varast;0
eu80;2019;muut;25
eu80;2020;erpien;10
eu80;2020;rivita;20
eu80;2020;askert;22
eu80;2020;liike;25
eu80;2020;tsto;20
eu80;2020;liiken;25
eu80;2020;hoito;35
eu80;2020;kokoon;25
eu80;2020;opetus;20
eu80;2020;teoll;0
eu80;2020;varast;0
eu80;2020;muut;25
eu80;2021;erpien;10
eu80;2021;rivita;20
eu80;2021;askert;22
eu80;2021;liike;25
eu80;2021;tsto;20
eu80;2021;liiken;25
eu80;2021;hoito;35
eu80;2021;kokoon;25
eu80;2021;opetus;20
eu80;2021;teoll;0
eu80;2021;varast;0
eu80;2021;muut;25
eu80;2022;erpien;10
eu80;2022;rivita;20
eu80;2022;askert;22
eu80;2022;liike;25
eu80;2022;tsto;20
eu80;2022;liiken;25
eu80;2022;hoito;35
eu80;2022;kokoon;25
eu80;2022;opetus;20
eu80;2022;teoll;0
eu80;2022;varast;0
eu80;2022;muut;25
eu80;2023;erpien;10
eu80;2023;rivita;20
eu80;2023;askert;22
eu80;2023;liike;25
eu80;2023;tsto;20
eu80;2023;liiken;25
eu80;2023;hoito;35
eu80;2023;kokoon;25
eu80;2023;opetus;20
eu80;2023;teoll;0
eu80;2023;varast;0
eu80;2023;muut;25
eu80;2024;erpien;10
eu80;2024;rivita;20
eu80;2024;askert;22
eu80;2024;liike;25
eu80;2024;tsto;20
eu80;2024;liiken;25
eu80;2024;hoito;35
eu80;2024;kokoon;25
eu80;2024;opetus;20
eu80;2024;teoll;0
eu80;2024;varast;0
eu80;2024;muut;25
eu80;2025;erpien;10
eu80;2025;rivita;20
eu80;2025;askert;22
eu80;2025;liike;25
eu80;2025;tsto;20
eu80;2025;liiken;25
eu80;2025;hoito;35
eu80;2025;kokoon;25
eu80;2025;opetus;20
eu80;2025;teoll;0
eu80;2025;varast;0
eu80;2025;muut;25
eu80;2026;erpien;10
eu80;2026;rivita;20
eu80;2026;askert;22
eu80;2026;liike;25
eu80;2026;tsto;20
eu80;2026;liiken;25
eu80;2026;hoito;35
eu80;2026;kokoon;25
eu80;2026;opetus;20
eu80;2026;teoll;0
eu80;2026;varast;0
eu80;2026;muut;25
eu80;2027;erpien;10
eu80;2027;rivita;20
eu80;2027;askert;22
eu80;2027;liike;25
eu80;2027;tsto;20
eu80;2027;liiken;25
eu80;2027;hoito;35
eu80;2027;kokoon;25
eu80;2027;opetus;20
eu80;2027;teoll;0
eu80;2027;varast;0
eu80;2027;muut;25
eu80;2028;erpien;10
eu80;2028;rivita;20
eu80;2028;askert;22
eu80;2028;liike;25
eu80;2028;tsto;20
eu80;2028;liiken;25
eu80;2028;hoito;35
eu80;2028;kokoon;25
eu80;2028;opetus;20
eu80;2028;teoll;0
eu80;2028;varast;0
eu80;2028;muut;25
eu80;2029;erpien;10
eu80;2029;rivita;20
eu80;2029;askert;22
eu80;2029;liike;25
eu80;2029;tsto;20
eu80;2029;liiken;25
eu80;2029;hoito;35
eu80;2029;kokoon;25
eu80;2029;opetus;20
eu80;2029;teoll;0
eu80;2029;varast;0
eu80;2029;muut;25
eu80;2030;erpien;10
eu80;2030;rivita;20
eu80;2030;askert;22
eu80;2030;liike;25
eu80;2030;tsto;20
eu80;2030;liiken;25
eu80;2030;hoito;35
eu80;2030;kokoon;25
eu80;2030;opetus;20
eu80;2030;teoll;0
eu80;2030;varast;0
eu80;2030;muut;25
eu80;2031;erpien;10
eu80;2031;rivita;20
eu80;2031;askert;22
eu80;2031;liike;25
eu80;2031;tsto;20
eu80;2031;liiken;25
eu80;2031;hoito;35
eu80;2031;kokoon;25
eu80;2031;opetus;20
eu80;2031;teoll;0
eu80;2031;varast;0
eu80;2031;muut;25
eu80;2032;erpien;10
eu80;2032;rivita;20
eu80;2032;askert;22
eu80;2032;liike;25
eu80;2032;tsto;20
eu80;2032;liiken;25
eu80;2032;hoito;35
eu80;2032;kokoon;25
eu80;2032;opetus;20
eu80;2032;teoll;0
eu80;2032;varast;0
eu80;2032;muut;25
eu80;2033;erpien;10
eu80;2033;rivita;20
eu80;2033;askert;22
eu80;2033;liike;25
eu80;2033;tsto;20
eu80;2033;liiken;25
eu80;2033;hoito;35
eu80;2033;kokoon;25
eu80;2033;opetus;20
eu80;2033;teoll;0
eu80;2033;varast;0
eu80;2033;muut;25
eu80;2034;erpien;10
eu80;2034;rivita;20
eu80;2034;askert;22
eu80;2034;liike;25
eu80;2034;tsto;20
eu80;2034;liiken;25
eu80;2034;hoito;35
eu80;2034;kokoon;25
eu80;2034;opetus;20
eu80;2034;teoll;0
eu80;2034;varast;0
eu80;2034;muut;25
eu80;2035;erpien;10
eu80;2035;rivita;20
eu80;2035;askert;22
eu80;2035;liike;25
eu80;2035;tsto;20
eu80;2035;liiken;25
eu80;2035;hoito;35
eu80;2035;kokoon;25
eu80;2035;opetus;20
eu80;2035;teoll;0
eu80;2035;varast;0
eu80;2035;muut;25
eu80;2036;erpien;10
eu80;2036;rivita;20
eu80;2036;askert;22
eu80;2036;liike;25
eu80;2036;tsto;20
eu80;2036;liiken;25
eu80;2036;hoito;35
eu80;2036;kokoon;25
eu80;2036;opetus;20
eu80;2036;teoll;0
eu80;2036;varast;0
eu80;2036;muut;25
eu80;2037;erpien;10
eu80;2037;rivita;20
eu80;2037;askert;22
eu80;2037;liike;25
eu80;2037;tsto;20
eu80;2037;liiken;25
eu80;2037;hoito;35
eu80;2037;kokoon;25
eu80;2037;opetus;20
eu80;2037;teoll;0
eu80;2037;varast;0
eu80;2037;muut;25
eu80;2038;erpien;10
eu80;2038;rivita;20
eu80;2038;askert;22
eu80;2038;liike;25
eu80;2038;tsto;20
eu80;2038;liiken;25
eu80;2038;hoito;35
eu80;2038;kokoon;25
eu80;2038;opetus;20
eu80;2038;teoll;0
eu80;2038;varast;0
eu80;2038;muut;25
eu80;2039;erpien;10
eu80;2039;rivita;20
eu80;2039;askert;22
eu80;2039;liike;25
eu80;2039;tsto;20
eu80;2039;liiken;25
eu80;2039;hoito;35
eu80;2039;kokoon;25
eu80;2039;opetus;20
eu80;2039;teoll;0
eu80;2039;varast;0
eu80;2039;muut;25
eu80;2040;erpien;10
eu80;2040;rivita;20
eu80;2040;askert;22
eu80;2040;liike;25
eu80;2040;tsto;20
eu80;2040;liiken;25
eu80;2040;hoito;35
eu80;2040;kokoon;25
eu80;2040;opetus;20
eu80;2040;teoll;0
eu80;2040;varast;0
eu80;2040;muut;25
eu80;2041;erpien;10
eu80;2041;rivita;20
eu80;2041;askert;22
eu80;2041;liike;25
eu80;2041;tsto;20
eu80;2041;liiken;25
eu80;2041;hoito;35
eu80;2041;kokoon;25
eu80;2041;opetus;20
eu80;2041;teoll;0
eu80;2041;varast;0
eu80;2041;muut;25
eu80;2042;erpien;10
eu80;2042;rivita;20
eu80;2042;askert;22
eu80;2042;liike;25
eu80;2042;tsto;20
eu80;2042;liiken;25
eu80;2042;hoito;35
eu80;2042;kokoon;25
eu80;2042;opetus;20
eu80;2042;teoll;0
eu80;2042;varast;0
eu80;2042;muut;25
eu80;2043;erpien;10
eu80;2043;rivita;20
eu80;2043;askert;22
eu80;2043;liike;25
eu80;2043;tsto;20
eu80;2043;liiken;25
eu80;2043;hoito;35
eu80;2043;kokoon;25
eu80;2043;opetus;20
eu80;2043;teoll;0
eu80;2043;varast;0
eu80;2043;muut;25
eu80;2044;erpien;10
eu80;2044;rivita;20
eu80;2044;askert;22
eu80;2044;liike;25
eu80;2044;tsto;20
eu80;2044;liiken;25
eu80;2044;hoito;35
eu80;2044;kokoon;25
eu80;2044;opetus;20
eu80;2044;teoll;0
eu80;2044;varast;0
eu80;2044;muut;25
eu80;2045;erpien;10
eu80;2045;rivita;20
eu80;2045;askert;22
eu80;2045;liike;25
eu80;2045;tsto;20
eu80;2045;liiken;25
eu80;2045;hoito;35
eu80;2045;kokoon;25
eu80;2045;opetus;20
eu80;2045;teoll;0
eu80;2045;varast;0
eu80;2045;muut;25
eu80;2046;erpien;10
eu80;2046;rivita;20
eu80;2046;askert;22
eu80;2046;liike;25
eu80;2046;tsto;20
eu80;2046;liiken;25
eu80;2046;hoito;35
eu80;2046;kokoon;25
eu80;2046;opetus;20
eu80;2046;teoll;0
eu80;2046;varast;0
eu80;2046;muut;25
eu80;2047;erpien;10
eu80;2047;rivita;20
eu80;2047;askert;22
eu80;2047;liike;25
eu80;2047;tsto;20
eu80;2047;liiken;25
eu80;2047;hoito;35
eu80;2047;kokoon;25
eu80;2047;opetus;20
eu80;2047;teoll;0
eu80;2047;varast;0
eu80;2047;muut;25
eu80;2048;erpien;10
eu80;2048;rivita;20
eu80;2048;askert;22
eu80;2048;liike;25
eu80;2048;tsto;20
eu80;2048;liiken;25
eu80;2048;hoito;35
eu80;2048;kokoon;25
eu80;2048;opetus;20
eu80;2048;teoll;0
eu80;2048;varast;0
eu80;2048;muut;25
eu80;2049;erpien;10
eu80;2049;rivita;20
eu80;2049;askert;22
eu80;2049;liike;25
eu80;2049;tsto;20
eu80;2049;liiken;25
eu80;2049;hoito;35
eu80;2049;kokoon;25
eu80;2049;opetus;20
eu80;2049;teoll;0
eu80;2049;varast;0
eu80;2049;muut;25
eu80;2050;erpien;10
eu80;2050;rivita;20
eu80;2050;askert;22
eu80;2050;liike;25
eu80;2050;tsto;20
eu80;2050;liiken;25
eu80;2050;hoito;35
eu80;2050;kokoon;25
eu80;2050;opetus;20
eu80;2050;teoll;0
eu80;2050;varast;0
eu80;2050;muut;25
kasvu;9999;erpien;1
kasvu;9999;rivita;5
kasvu;9999;askert;5
kasvu;9999;liike;15
kasvu;9999;tsto;10
kasvu;9999;liiken;15
kasvu;9999;hoito;30
kasvu;9999;kokoon;15
kasvu;9999;opetus;10
kasvu;9999;teoll;0
kasvu;9999;varast;0
kasvu;9999;muut;15
kasvu;1920;erpien;1
kasvu;1920;rivita;5
kasvu;1920;askert;5
kasvu;1920;liike;15
kasvu;1920;tsto;10
kasvu;1920;liiken;15
kasvu;1920;hoito;30
kasvu;1920;kokoon;15
kasvu;1920;opetus;10
kasvu;1920;teoll;0
kasvu;1920;varast;0
kasvu;1920;muut;15
kasvu;1929;erpien;1
kasvu;1929;rivita;6
kasvu;1929;askert;6
kasvu;1929;liike;15
kasvu;1929;tsto;10
kasvu;1929;liiken;15
kasvu;1929;hoito;30
kasvu;1929;kokoon;15
kasvu;1929;opetus;10
kasvu;1929;teoll;0
kasvu;1929;varast;0
kasvu;1929;muut;15
kasvu;1939;erpien;2
kasvu;1939;rivita;7
kasvu;1939;askert;7
kasvu;1939;liike;17
kasvu;1939;tsto;12
kasvu;1939;liiken;17
kasvu;1939;hoito;32
kasvu;1939;kokoon;17
kasvu;1939;opetus;12
kasvu;1939;teoll;0
kasvu;1939;varast;0
kasvu;1939;muut;17
kasvu;1949;erpien;2
kasvu;1949;rivita;10
kasvu;1949;askert;9
kasvu;1949;liike;19
kasvu;1949;tsto;14
kasvu;1949;liiken;19
kasvu;1949;hoito;34
kasvu;1949;kokoon;19
kasvu;1949;opetus;14
kasvu;1949;teoll;0
kasvu;1949;varast;0
kasvu;1949;muut;19
kasvu;1959;erpien;3
kasvu;1959;rivita;12
kasvu;1959;askert;12
kasvu;1959;liike;20
kasvu;1959;tsto;15
kasvu;1959;liiken;20
kasvu;1959;hoito;35
kasvu;1959;kokoon;20
kasvu;1959;opetus;15
kasvu;1959;teoll;0
kasvu;1959;varast;0
kasvu;1959;muut;20
kasvu;1969;erpien;7
kasvu;1969;rivita;14
kasvu;1969;askert;16
kasvu;1969;liike;25
kasvu;1969;tsto;20
kasvu;1969;liiken;25
kasvu;1969;hoito;40
kasvu;1969;kokoon;25
kasvu;1969;opetus;20
kasvu;1969;teoll;0
kasvu;1969;varast;0
kasvu;1969;muut;25
kasvu;1979;erpien;10
kasvu;1979;rivita;18
kasvu;1979;askert;20
kasvu;1979;liike;30
kasvu;1979;tsto;25
kasvu;1979;liiken;30
kasvu;1979;hoito;45
kasvu;1979;kokoon;30
kasvu;1979;opetus;25
kasvu;1979;teoll;0
kasvu;1979;varast;0
kasvu;1979;muut;30
kasvu;1989;erpien;15
kasvu;1989;rivita;16
kasvu;1989;askert;19
kasvu;1989;liike;27
kasvu;1989;tsto;22
kasvu;1989;liiken;27
kasvu;1989;hoito;42
kasvu;1989;kokoon;27
kasvu;1989;opetus;22
kasvu;1989;teoll;0
kasvu;1989;varast;0
kasvu;1989;muut;27
kasvu;1999;erpien;18
kasvu;1999;rivita;14
kasvu;1999;askert;19
kasvu;1999;liike;25
kasvu;1999;tsto;20
kasvu;1999;liiken;25
kasvu;1999;hoito;40
kasvu;1999;kokoon;25
kasvu;1999;opetus;20
kasvu;1999;teoll;0
kasvu;1999;varast;0
kasvu;1999;muut;25
kasvu;2009;erpien;20
kasvu;2009;rivita;14
kasvu;2009;askert;23
kasvu;2009;liike;25
kasvu;2009;tsto;20
kasvu;2009;liiken;25
kasvu;2009;hoito;40
kasvu;2009;kokoon;25
kasvu;2009;opetus;20
kasvu;2009;teoll;0
kasvu;2009;varast;0
kasvu;2009;muut;25
kasvu;2010;erpien;17
kasvu;2010;rivita;22
kasvu;2010;askert;24
kasvu;2010;liike;26
kasvu;2010;tsto;21
kasvu;2010;liiken;26
kasvu;2010;hoito;41
kasvu;2010;kokoon;26
kasvu;2010;opetus;21
kasvu;2010;teoll;0
kasvu;2010;varast;0
kasvu;2010;muut;26
kasvu;2018;erpien;10
kasvu;2018;rivita;20
kasvu;2018;askert;22
kasvu;2018;liike;25
kasvu;2018;tsto;20
kasvu;2018;liiken;25
kasvu;2018;hoito;35
kasvu;2018;kokoon;25
kasvu;2018;opetus;20
kasvu;2018;teoll;0
kasvu;2018;varast;0
kasvu;2018;muut;25
kasvu;2019;erpien;10
kasvu;2019;rivita;20
kasvu;2019;askert;22
kasvu;2019;liike;25
kasvu;2019;tsto;20
kasvu;2019;liiken;25
kasvu;2019;hoito;35
kasvu;2019;kokoon;25
kasvu;2019;opetus;20
kasvu;2019;teoll;0
kasvu;2019;varast;0
kasvu;2019;muut;25
kasvu;2020;erpien;10
kasvu;2020;rivita;20
kasvu;2020;askert;22
kasvu;2020;liike;25
kasvu;2020;tsto;20
kasvu;2020;liiken;25
kasvu;2020;hoito;35
kasvu;2020;kokoon;25
kasvu;2020;opetus;20
kasvu;2020;teoll;0
kasvu;2020;varast;0
kasvu;2020;muut;25
kasvu;2021;erpien;10
kasvu;2021;rivita;20
kasvu;2021;askert;22
kasvu;2021;liike;25
kasvu;2021;tsto;20
kasvu;2021;liiken;26
kasvu;2021;hoito;35
kasvu;2021;kokoon;25
kasvu;2021;opetus;21
kasvu;2021;teoll;0
kasvu;2021;varast;0
kasvu;2021;muut;25
kasvu;2022;erpien;11
kasvu;2022;rivita;21
kasvu;2022;askert;23
kasvu;2022;liike;26
kasvu;2022;tsto;21
kasvu;2022;liiken;27
kasvu;2022;hoito;36
kasvu;2022;kokoon;26
kasvu;2022;opetus;22
kasvu;2022;teoll;0
kasvu;2022;varast;0
kasvu;2022;muut;26
kasvu;2023;erpien;11
kasvu;2023;rivita;21
kasvu;2023;askert;23
kasvu;2023;liike;26
kasvu;2023;tsto;21
kasvu;2023;liiken;27
kasvu;2023;hoito;36
kasvu;2023;kokoon;26
kasvu;2023;opetus;22
kasvu;2023;teoll;0
kasvu;2023;varast;0
kasvu;2023;muut;26
kasvu;2024;erpien;12
kasvu;2024;rivita;22
kasvu;2024;askert;24
kasvu;2024;liike;27
kasvu;2024;tsto;22
kasvu;2024;liiken;28
kasvu;2024;hoito;37
kasvu;2024;kokoon;27
kasvu;2024;opetus;23
kasvu;2024;teoll;0
kasvu;2024;varast;0
kasvu;2024;muut;27
kasvu;2025;erpien;12
kasvu;2025;rivita;22
kasvu;2025;askert;24
kasvu;2025;liike;27
kasvu;2025;tsto;22
kasvu;2025;liiken;29
kasvu;2025;hoito;37
kasvu;2025;kokoon;27
kasvu;2025;opetus;24
kasvu;2025;teoll;0
kasvu;2025;varast;0
kasvu;2025;muut;27
kasvu;2026;erpien;12
kasvu;2026;rivita;22
kasvu;2026;askert;24
kasvu;2026;liike;27
kasvu;2026;tsto;22
kasvu;2026;liiken;29
kasvu;2026;hoito;37
kasvu;2026;kokoon;27
kasvu;2026;opetus;24
kasvu;2026;teoll;0
kasvu;2026;varast;0
kasvu;2026;muut;27
kasvu;2027;erpien;12
kasvu;2027;rivita;22
kasvu;2027;askert;24
kasvu;2027;liike;27
kasvu;2027;tsto;22
kasvu;2027;liiken;29
kasvu;2027;hoito;37
kasvu;2027;kokoon;27
kasvu;2027;opetus;24
kasvu;2027;teoll;0
kasvu;2027;varast;0
kasvu;2027;muut;27
kasvu;2028;erpien;13
kasvu;2028;rivita;23
kasvu;2028;askert;25
kasvu;2028;liike;28
kasvu;2028;tsto;23
kasvu;2028;liiken;30
kasvu;2028;hoito;38
kasvu;2028;kokoon;28
kasvu;2028;opetus;25
kasvu;2028;teoll;0
kasvu;2028;varast;0
kasvu;2028;muut;28
kasvu;2029;erpien;13
kasvu;2029;rivita;23
kasvu;2029;askert;25
kasvu;2029;liike;28
kasvu;2029;tsto;23
kasvu;2029;liiken;30
kasvu;2029;hoito;38
kasvu;2029;kokoon;28
kasvu;2029;opetus;25
kasvu;2029;teoll;0
kasvu;2029;varast;0
kasvu;2029;muut;28
kasvu;2030;erpien;13
kasvu;2030;rivita;23
kasvu;2030;askert;25
kasvu;2030;liike;28
kasvu;2030;tsto;23
kasvu;2030;liiken;30
kasvu;2030;hoito;38
kasvu;2030;kokoon;28
kasvu;2030;opetus;25
kasvu;2030;teoll;0
kasvu;2030;varast;0
kasvu;2030;muut;28
kasvu;2031;erpien;13
kasvu;2031;rivita;23
kasvu;2031;askert;25
kasvu;2031;liike;28
kasvu;2031;tsto;23
kasvu;2031;liiken;30
kasvu;2031;hoito;38
kasvu;2031;kokoon;28
kasvu;2031;opetus;25
kasvu;2031;teoll;0
kasvu;2031;varast;0
kasvu;2031;muut;28
kasvu;2032;erpien;13
kasvu;2032;rivita;23
kasvu;2032;askert;25
kasvu;2032;liike;28
kasvu;2032;tsto;23
kasvu;2032;liiken;30
kasvu;2032;hoito;38
kasvu;2032;kokoon;28
kasvu;2032;opetus;25
kasvu;2032;teoll;0
kasvu;2032;varast;0
kasvu;2032;muut;28
kasvu;2033;erpien;14
kasvu;2033;rivita;24
kasvu;2033;askert;26
kasvu;2033;liike;29
kasvu;2033;tsto;24
kasvu;2033;liiken;31
kasvu;2033;hoito;39
kasvu;2033;kokoon;29
kasvu;2033;opetus;26
kasvu;2033;teoll;0
kasvu;2033;varast;0
kasvu;2033;muut;29
kasvu;2034;erpien;14
kasvu;2034;rivita;24
kasvu;2034;askert;26
kasvu;2034;liike;29
kasvu;2034;tsto;24
kasvu;2034;liiken;31
kasvu;2034;hoito;39
kasvu;2034;kokoon;29
kasvu;2034;opetus;26
kasvu;2034;teoll;0
kasvu;2034;varast;0
kasvu;2034;muut;29
kasvu;2035;erpien;14
kasvu;2035;rivita;24
kasvu;2035;askert;26
kasvu;2035;liike;29
kasvu;2035;tsto;24
kasvu;2035;liiken;31
kasvu;2035;hoito;39
kasvu;2035;kokoon;29
kasvu;2035;opetus;26
kasvu;2035;teoll;0
kasvu;2035;varast;0
kasvu;2035;muut;29
kasvu;2036;erpien;14
kasvu;2036;rivita;24
kasvu;2036;askert;26
kasvu;2036;liike;29
kasvu;2036;tsto;24
kasvu;2036;liiken;31
kasvu;2036;hoito;39
kasvu;2036;kokoon;29
kasvu;2036;opetus;26
kasvu;2036;teoll;0
kasvu;2036;varast;0
kasvu;2036;muut;29
kasvu;2037;erpien;14
kasvu;2037;rivita;24
kasvu;2037;askert;26
kasvu;2037;liike;29
kasvu;2037;tsto;24
kasvu;2037;liiken;31
kasvu;2037;hoito;39
kasvu;2037;kokoon;29
kasvu;2037;opetus;26
kasvu;2037;teoll;0
kasvu;2037;varast;0
kasvu;2037;muut;29
kasvu;2038;erpien;15
kasvu;2038;rivita;25
kasvu;2038;askert;27
kasvu;2038;liike;30
kasvu;2038;tsto;25
kasvu;2038;liiken;32
kasvu;2038;hoito;40
kasvu;2038;kokoon;30
kasvu;2038;opetus;27
kasvu;2038;teoll;0
kasvu;2038;varast;0
kasvu;2038;muut;30
kasvu;2039;erpien;15
kasvu;2039;rivita;25
kasvu;2039;askert;27
kasvu;2039;liike;30
kasvu;2039;tsto;25
kasvu;2039;liiken;32
kasvu;2039;hoito;40
kasvu;2039;kokoon;30
kasvu;2039;opetus;27
kasvu;2039;teoll;0
kasvu;2039;varast;0
kasvu;2039;muut;30
kasvu;2040;erpien;15
kasvu;2040;rivita;25
kasvu;2040;askert;27
kasvu;2040;liike;30
kasvu;2040;tsto;25
kasvu;2040;liiken;32
kasvu;2040;hoito;40
kasvu;2040;kokoon;30
kasvu;2040;opetus;27
kasvu;2040;teoll;0
kasvu;2040;varast;0
kasvu;2040;muut;30
kasvu;2041;erpien;15
kasvu;2041;rivita;25
kasvu;2041;askert;27
kasvu;2041;liike;30
kasvu;2041;tsto;25
kasvu;2041;liiken;32
kasvu;2041;hoito;40
kasvu;2041;kokoon;30
kasvu;2041;opetus;27
kasvu;2041;teoll;0
kasvu;2041;varast;0
kasvu;2041;muut;30
kasvu;2042;erpien;15
kasvu;2042;rivita;25
kasvu;2042;askert;27
kasvu;2042;liike;30
kasvu;2042;tsto;25
kasvu;2042;liiken;32
kasvu;2042;hoito;40
kasvu;2042;kokoon;30
kasvu;2042;opetus;27
kasvu;2042;teoll;0
kasvu;2042;varast;0
kasvu;2042;muut;30
kasvu;2043;erpien;16
kasvu;2043;rivita;26
kasvu;2043;askert;28
kasvu;2043;liike;31
kasvu;2043;tsto;26
kasvu;2043;liiken;33
kasvu;2043;hoito;41
kasvu;2043;kokoon;31
kasvu;2043;opetus;28
kasvu;2043;teoll;0
kasvu;2043;varast;0
kasvu;2043;muut;31
kasvu;2044;erpien;16
kasvu;2044;rivita;26
kasvu;2044;askert;28
kasvu;2044;liike;31
kasvu;2044;tsto;26
kasvu;2044;liiken;33
kasvu;2044;hoito;41
kasvu;2044;kokoon;31
kasvu;2044;opetus;28
kasvu;2044;teoll;0
kasvu;2044;varast;0
kasvu;2044;muut;31
kasvu;2045;erpien;16
kasvu;2045;rivita;26
kasvu;2045;askert;28
kasvu;2045;liike;31
kasvu;2045;tsto;26
kasvu;2045;liiken;33
kasvu;2045;hoito;41
kasvu;2045;kokoon;31
kasvu;2045;opetus;28
kasvu;2045;teoll;0
kasvu;2045;varast;0
kasvu;2045;muut;31
kasvu;2046;erpien;16
kasvu;2046;rivita;26
kasvu;2046;askert;28
kasvu;2046;liike;31
kasvu;2046;tsto;26
kasvu;2046;liiken;33
kasvu;2046;hoito;41
kasvu;2046;kokoon;31
kasvu;2046;opetus;28
kasvu;2046;teoll;0
kasvu;2046;varast;0
kasvu;2046;muut;31
kasvu;2047;erpien;16
kasvu;2047;rivita;26
kasvu;2047;askert;28
kasvu;2047;liike;31
kasvu;2047;tsto;26
kasvu;2047;liiken;33
kasvu;2047;hoito;41
kasvu;2047;kokoon;31
kasvu;2047;opetus;28
kasvu;2047;teoll;0
kasvu;2047;varast;0
kasvu;2047;muut;31
kasvu;2048;erpien;17
kasvu;2048;rivita;27
kasvu;2048;askert;29
kasvu;2048;liike;32
kasvu;2048;tsto;27
kasvu;2048;liiken;34
kasvu;2048;hoito;42
kasvu;2048;kokoon;32
kasvu;2048;opetus;29
kasvu;2048;teoll;0
kasvu;2048;varast;0
kasvu;2048;muut;32
kasvu;2049;erpien;17
kasvu;2049;rivita;27
kasvu;2049;askert;29
kasvu;2049;liike;32
kasvu;2049;tsto;27
kasvu;2049;liiken;34
kasvu;2049;hoito;42
kasvu;2049;kokoon;32
kasvu;2049;opetus;29
kasvu;2049;teoll;0
kasvu;2049;varast;0
kasvu;2049;muut;32
kasvu;2050;erpien;17
kasvu;2050;rivita;27
kasvu;2050;askert;29
kasvu;2050;liike;32
kasvu;2050;tsto;27
kasvu;2050;liiken;34
kasvu;2050;hoito;42
kasvu;2050;kokoon;32
kasvu;2050;opetus;29
kasvu;2050;teoll;0
kasvu;2050;varast;0
kasvu;2050;muut;32
muutos;9999;erpien;1
muutos;9999;rivita;5
muutos;9999;askert;5
muutos;9999;liike;15
muutos;9999;tsto;10
muutos;9999;liiken;15
muutos;9999;hoito;30
muutos;9999;kokoon;15
muutos;9999;opetus;10
muutos;9999;teoll;0
muutos;9999;varast;0
muutos;9999;muut;15
muutos;1920;erpien;1
muutos;1920;rivita;5
muutos;1920;askert;5
muutos;1920;liike;15
muutos;1920;tsto;10
muutos;1920;liiken;15
muutos;1920;hoito;30
muutos;1920;kokoon;15
muutos;1920;opetus;10
muutos;1920;teoll;0
muutos;1920;varast;0
muutos;1920;muut;15
muutos;1929;erpien;1
muutos;1929;rivita;6
muutos;1929;askert;6
muutos;1929;liike;15
muutos;1929;tsto;10
muutos;1929;liiken;15
muutos;1929;hoito;30
muutos;1929;kokoon;15
muutos;1929;opetus;10
muutos;1929;teoll;0
muutos;1929;varast;0
muutos;1929;muut;15
muutos;1939;erpien;2
muutos;1939;rivita;7
muutos;1939;askert;7
muutos;1939;liike;17
muutos;1939;tsto;12
muutos;1939;liiken;17
muutos;1939;hoito;32
muutos;1939;kokoon;17
muutos;1939;opetus;12
muutos;1939;teoll;0
muutos;1939;varast;0
muutos;1939;muut;17
muutos;1949;erpien;2
muutos;1949;rivita;10
muutos;1949;askert;9
muutos;1949;liike;19
muutos;1949;tsto;14
muutos;1949;liiken;19
muutos;1949;hoito;34
muutos;1949;kokoon;19
muutos;1949;opetus;14
muutos;1949;teoll;0
muutos;1949;varast;0
muutos;1949;muut;19
muutos;1959;erpien;3
muutos;1959;rivita;12
muutos;1959;askert;12
muutos;1959;liike;20
muutos;1959;tsto;15
muutos;1959;liiken;20
muutos;1959;hoito;35
muutos;1959;kokoon;20
muutos;1959;opetus;15
muutos;1959;teoll;0
muutos;1959;varast;0
muutos;1959;muut;20
muutos;1969;erpien;7
muutos;1969;rivita;14
muutos;1969;askert;16
muutos;1969;liike;25
muutos;1969;tsto;20
muutos;1969;liiken;25
muutos;1969;hoito;40
muutos;1969;kokoon;25
muutos;1969;opetus;20
muutos;1969;teoll;0
muutos;1969;varast;0
muutos;1969;muut;25
muutos;1979;erpien;10
muutos;1979;rivita;18
muutos;1979;askert;20
muutos;1979;liike;30
muutos;1979;tsto;25
muutos;1979;liiken;30
muutos;1979;hoito;45
muutos;1979;kokoon;30
muutos;1979;opetus;25
muutos;1979;teoll;0
muutos;1979;varast;0
muutos;1979;muut;30
muutos;1989;erpien;15
muutos;1989;rivita;16
muutos;1989;askert;19
muutos;1989;liike;27
muutos;1989;tsto;22
muutos;1989;liiken;27
muutos;1989;hoito;42
muutos;1989;kokoon;27
muutos;1989;opetus;22
muutos;1989;teoll;0
muutos;1989;varast;0
muutos;1989;muut;27
muutos;1999;erpien;18
muutos;1999;rivita;14
muutos;1999;askert;19
muutos;1999;liike;25
muutos;1999;tsto;20
muutos;1999;liiken;25
muutos;1999;hoito;40
muutos;1999;kokoon;25
muutos;1999;opetus;20
muutos;1999;teoll;0
muutos;1999;varast;0
muutos;1999;muut;25
muutos;2009;erpien;20
muutos;2009;rivita;14
muutos;2009;askert;23
muutos;2009;liike;25
muutos;2009;tsto;20
muutos;2009;liiken;25
muutos;2009;hoito;40
muutos;2009;kokoon;25
muutos;2009;opetus;20
muutos;2009;teoll;0
muutos;2009;varast;0
muutos;2009;muut;25
muutos;2010;erpien;17
muutos;2010;rivita;22
muutos;2010;askert;24
muutos;2010;liike;26
muutos;2010;tsto;21
muutos;2010;liiken;26
muutos;2010;hoito;41
muutos;2010;kokoon;26
muutos;2010;opetus;21
muutos;2010;teoll;0
muutos;2010;varast;0
muutos;2010;muut;26
muutos;2018;erpien;10
muutos;2018;rivita;20
muutos;2018;askert;22
muutos;2018;liike;25
muutos;2018;tsto;20
muutos;2018;liiken;25
muutos;2018;hoito;35
muutos;2018;kokoon;25
muutos;2018;opetus;20
muutos;2018;teoll;0
muutos;2018;varast;0
muutos;2018;muut;25
muutos;2019;erpien;10
muutos;2019;rivita;20
muutos;2019;askert;22
muutos;2019;liike;25
muutos;2019;tsto;20
muutos;2019;liiken;25
muutos;2019;hoito;35
muutos;2019;kokoon;25
muutos;2019;opetus;20
muutos;2019;teoll;0
muutos;2019;varast;0
muutos;2019;muut;25
muutos;2020;erpien;10
muutos;2020;rivita;20
muutos;2020;askert;22
muutos;2020;liike;25
muutos;2020;tsto;20
muutos;2020;liiken;25
muutos;2020;hoito;35
muutos;2020;kokoon;25
muutos;2020;opetus;20
muutos;2020;teoll;0
muutos;2020;varast;0
muutos;2020;muut;25
muutos;2021;erpien;10
muutos;2018;rivita;20
muutos;2021;askert;22
muutos;2021;liike;25
muutos;2021;tsto;20
muutos;2021;liiken;25
muutos;2021;hoito;35
muutos;2021;kokoon;25
muutos;2021;opetus;20
muutos;2021;teoll;0
muutos;2021;varast;0
muutos;2021;muut;25
muutos;2022;erpien;10
muutos;2019;rivita;20
muutos;2022;askert;22
muutos;2022;liike;25
muutos;2022;tsto;20
muutos;2022;liiken;25
muutos;2022;hoito;35
muutos;2022;kokoon;25
muutos;2022;opetus;20
muutos;2022;teoll;0
muutos;2022;varast;0
muutos;2022;muut;25
muutos;2023;erpien;11
muutos;2020;rivita;20
muutos;2023;askert;23
muutos;2023;liike;26
muutos;2023;tsto;21
muutos;2023;liiken;26
muutos;2023;hoito;36
muutos;2023;kokoon;26
muutos;2023;opetus;21
muutos;2023;teoll;0
muutos;2023;varast;0
muutos;2023;muut;26
muutos;2024;erpien;11
muutos;2021;rivita;20
muutos;2024;askert;23
muutos;2024;liike;26
muutos;2024;tsto;21
muutos;2024;liiken;26
muutos;2024;hoito;36
muutos;2024;kokoon;26
muutos;2024;opetus;21
muutos;2024;teoll;0
muutos;2024;varast;0
muutos;2024;muut;26
muutos;2025;erpien;11
muutos;2022;rivita;20
muutos;2025;askert;23
muutos;2025;liike;26
muutos;2025;tsto;21
muutos;2025;liiken;26
muutos;2025;hoito;36
muutos;2025;kokoon;26
muutos;2025;opetus;21
muutos;2025;teoll;0
muutos;2025;varast;0
muutos;2025;muut;26
muutos;2026;erpien;11
muutos;2023;rivita;21
muutos;2026;askert;23
muutos;2026;liike;26
muutos;2026;tsto;21
muutos;2026;liiken;26
muutos;2026;hoito;36
muutos;2026;kokoon;26
muutos;2026;opetus;21
muutos;2026;teoll;0
muutos;2026;varast;0
muutos;2026;muut;26
muutos;2027;erpien;11
muutos;2024;rivita;21
muutos;2027;askert;23
muutos;2027;liike;26
muutos;2027;tsto;21
muutos;2027;liiken;26
muutos;2027;hoito;36
muutos;2027;kokoon;26
muutos;2027;opetus;21
muutos;2027;teoll;0
muutos;2027;varast;0
muutos;2027;muut;26
muutos;2028;erpien;12
muutos;2025;rivita;21
muutos;2028;askert;24
muutos;2028;liike;27
muutos;2028;tsto;22
muutos;2028;liiken;27
muutos;2028;hoito;37
muutos;2028;kokoon;27
muutos;2028;opetus;22
muutos;2028;teoll;0
muutos;2028;varast;0
muutos;2028;muut;27
muutos;2029;erpien;12
muutos;2026;rivita;21
muutos;2029;askert;24
muutos;2029;liike;27
muutos;2029;tsto;22
muutos;2029;liiken;27
muutos;2029;hoito;37
muutos;2029;kokoon;27
muutos;2029;opetus;22
muutos;2029;teoll;0
muutos;2029;varast;0
muutos;2029;muut;27
muutos;2030;erpien;12
muutos;2027;rivita;21
muutos;2030;askert;24
muutos;2030;liike;27
muutos;2030;tsto;22
muutos;2030;liiken;27
muutos;2030;hoito;37
muutos;2030;kokoon;27
muutos;2030;opetus;22
muutos;2030;teoll;0
muutos;2030;varast;0
muutos;2030;muut;27
muutos;2031;erpien;12
muutos;2028;rivita;22
muutos;2031;askert;24
muutos;2031;liike;27
muutos;2031;tsto;22
muutos;2031;liiken;27
muutos;2031;hoito;37
muutos;2031;kokoon;27
muutos;2031;opetus;22
muutos;2031;teoll;0
muutos;2031;varast;0
muutos;2031;muut;27
muutos;2032;erpien;12
muutos;2029;rivita;22
muutos;2032;askert;24
muutos;2032;liike;27
muutos;2032;tsto;22
muutos;2032;liiken;27
muutos;2032;hoito;37
muutos;2032;kokoon;27
muutos;2032;opetus;22
muutos;2032;teoll;0
muutos;2032;varast;0
muutos;2032;muut;27
muutos;2033;erpien;13
muutos;2030;rivita;22
muutos;2033;askert;25
muutos;2033;liike;28
muutos;2033;tsto;23
muutos;2033;liiken;28
muutos;2033;hoito;38
muutos;2033;kokoon;28
muutos;2033;opetus;23
muutos;2033;teoll;0
muutos;2033;varast;0
muutos;2033;muut;28
muutos;2034;erpien;13
muutos;2031;rivita;22
muutos;2034;askert;25
muutos;2034;liike;28
muutos;2034;tsto;23
muutos;2034;liiken;28
muutos;2034;hoito;38
muutos;2034;kokoon;28
muutos;2034;opetus;23
muutos;2034;teoll;0
muutos;2034;varast;0
muutos;2034;muut;28
muutos;2035;erpien;13
muutos;2032;rivita;22
muutos;2035;askert;25
muutos;2035;liike;28
muutos;2035;tsto;23
muutos;2035;liiken;28
muutos;2035;hoito;38
muutos;2035;kokoon;28
muutos;2035;opetus;23
muutos;2035;teoll;0
muutos;2035;varast;0
muutos;2035;muut;28
muutos;2036;erpien;13
muutos;2033;rivita;23
muutos;2036;askert;25
muutos;2036;liike;28
muutos;2036;tsto;23
muutos;2036;liiken;28
muutos;2036;hoito;38
muutos;2036;kokoon;28
muutos;2036;opetus;23
muutos;2036;teoll;0
muutos;2036;varast;0
muutos;2036;muut;28
muutos;2037;erpien;13
muutos;2034;rivita;23
muutos;2037;askert;25
muutos;2037;liike;28
muutos;2037;tsto;23
muutos;2037;liiken;28
muutos;2037;hoito;38
muutos;2037;kokoon;28
muutos;2037;opetus;23
muutos;2037;teoll;0
muutos;2037;varast;0
muutos;2037;muut;28
muutos;2038;erpien;14
muutos;2035;rivita;23
muutos;2038;askert;26
muutos;2038;liike;29
muutos;2038;tsto;24
muutos;2038;liiken;29
muutos;2038;hoito;39
muutos;2038;kokoon;29
muutos;2038;opetus;24
muutos;2038;teoll;0
muutos;2038;varast;0
muutos;2038;muut;29
muutos;2039;erpien;14
muutos;2036;rivita;23
muutos;2039;askert;26
muutos;2039;liike;29
muutos;2039;tsto;24
muutos;2039;liiken;29
muutos;2039;hoito;39
muutos;2039;kokoon;29
muutos;2039;opetus;24
muutos;2039;teoll;0
muutos;2039;varast;0
muutos;2039;muut;29
muutos;2040;erpien;14
muutos;2037;rivita;23
muutos;2040;askert;26
muutos;2040;liike;29
muutos;2040;tsto;24
muutos;2040;liiken;29
muutos;2040;hoito;39
muutos;2040;kokoon;29
muutos;2040;opetus;24
muutos;2040;teoll;0
muutos;2040;varast;0
muutos;2040;muut;29
muutos;2041;erpien;14
muutos;2038;rivita;24
muutos;2041;askert;26
muutos;2041;liike;29
muutos;2041;tsto;24
muutos;2041;liiken;29
muutos;2041;hoito;39
muutos;2041;kokoon;29
muutos;2041;opetus;24
muutos;2041;teoll;0
muutos;2041;varast;0
muutos;2041;muut;29
muutos;2042;erpien;14
muutos;2039;rivita;24
muutos;2042;askert;26
muutos;2042;liike;29
muutos;2042;tsto;24
muutos;2042;liiken;29
muutos;2042;hoito;39
muutos;2042;kokoon;29
muutos;2042;opetus;24
muutos;2042;teoll;0
muutos;2042;varast;0
muutos;2042;muut;29
muutos;2043;erpien;15
muutos;2040;rivita;24
muutos;2043;askert;27
muutos;2043;liike;30
muutos;2043;tsto;25
muutos;2043;liiken;30
muutos;2043;hoito;40
muutos;2043;kokoon;30
muutos;2043;opetus;25
muutos;2043;teoll;0
muutos;2043;varast;0
muutos;2043;muut;30
muutos;2044;erpien;15
muutos;2041;rivita;24
muutos;2044;askert;27
muutos;2044;liike;30
muutos;2044;tsto;25
muutos;2044;liiken;30
muutos;2044;hoito;40
muutos;2044;kokoon;30
muutos;2044;opetus;25
muutos;2044;teoll;0
muutos;2044;varast;0
muutos;2044;muut;30
muutos;2045;erpien;15
muutos;2042;rivita;24
muutos;2045;askert;27
muutos;2045;liike;30
muutos;2045;tsto;25
muutos;2045;liiken;30
muutos;2045;hoito;40
muutos;2045;kokoon;30
muutos;2045;opetus;25
muutos;2045;teoll;0
muutos;2045;varast;0
muutos;2045;muut;30
muutos;2046;erpien;15
muutos;2043;rivita;25
muutos;2046;askert;27
muutos;2046;liike;30
muutos;2046;tsto;25
muutos;2046;liiken;30
muutos;2046;hoito;40
muutos;2046;kokoon;30
muutos;2046;opetus;25
muutos;2046;teoll;0
muutos;2046;varast;0
muutos;2046;muut;30
muutos;2047;erpien;15
muutos;2044;rivita;25
muutos;2047;askert;27
muutos;2047;liike;30
muutos;2047;tsto;25
muutos;2047;liiken;30
muutos;2047;hoito;40
muutos;2047;kokoon;30
muutos;2047;opetus;25
muutos;2047;teoll;0
muutos;2047;varast;0
muutos;2047;muut;30
muutos;2048;erpien;16
muutos;2045;rivita;25
muutos;2048;askert;28
muutos;2048;liike;31
muutos;2048;tsto;26
muutos;2048;liiken;31
muutos;2048;hoito;41
muutos;2048;kokoon;31
muutos;2048;opetus;26
muutos;2048;teoll;0
muutos;2048;varast;0
muutos;2048;muut;31
muutos;2049;erpien;16
muutos;2046;rivita;25
muutos;2049;askert;28
muutos;2049;liike;31
muutos;2049;tsto;26
muutos;2049;liiken;31
muutos;2049;hoito;41
muutos;2049;kokoon;31
muutos;2049;opetus;26
muutos;2049;teoll;0
muutos;2049;varast;0
muutos;2049;muut;31
muutos;2050;erpien;16
muutos;2047;rivita;25
muutos;2050;askert;28
muutos;2050;liike;31
muutos;2050;tsto;26
muutos;2050;liiken;31
muutos;2050;hoito;41
muutos;2050;kokoon;31
muutos;2050;opetus;26
muutos;2050;teoll;0
muutos;2050;varast;0
muutos;2050;muut;31
saasto;9999;erpien;1
saasto;9999;rivita;5
saasto;9999;askert;5
saasto;9999;liike;15
saasto;9999;tsto;10
saasto;9999;liiken;15
saasto;9999;hoito;30
saasto;9999;kokoon;15
saasto;9999;opetus;10
saasto;9999;teoll;0
saasto;9999;varast;0
saasto;9999;muut;15
saasto;1920;erpien;1
saasto;1920;rivita;5
saasto;1920;askert;5
saasto;1920;liike;15
saasto;1920;tsto;10
saasto;1920;liiken;15
saasto;1920;hoito;30
saasto;1920;kokoon;15
saasto;1920;opetus;10
saasto;1920;teoll;0
saasto;1920;varast;0
saasto;1920;muut;15
saasto;1929;erpien;1
saasto;1929;rivita;6
saasto;1929;askert;6
saasto;1929;liike;15
saasto;1929;tsto;10
saasto;1929;liiken;15
saasto;1929;hoito;30
saasto;1929;kokoon;15
saasto;1929;opetus;10
saasto;1929;teoll;0
saasto;1929;varast;0
saasto;1929;muut;15
saasto;1939;erpien;2
saasto;1939;rivita;7
saasto;1939;askert;7
saasto;1939;liike;17
saasto;1939;tsto;12
saasto;1939;liiken;17
saasto;1939;hoito;32
saasto;1939;kokoon;17
saasto;1939;opetus;12
saasto;1939;teoll;0
saasto;1939;varast;0
saasto;1939;muut;17
saasto;1949;erpien;2
saasto;1949;rivita;10
saasto;1949;askert;9
saasto;1949;liike;19
saasto;1949;tsto;14
saasto;1949;liiken;19
saasto;1949;hoito;34
saasto;1949;kokoon;19
saasto;1949;opetus;14
saasto;1949;teoll;0
saasto;1949;varast;0
saasto;1949;muut;19
saasto;1959;erpien;3
saasto;1959;rivita;12
saasto;1959;askert;12
saasto;1959;liike;20
saasto;1959;tsto;15
saasto;1959;liiken;20
saasto;1959;hoito;35
saasto;1959;kokoon;20
saasto;1959;opetus;15
saasto;1959;teoll;0
saasto;1959;varast;0
saasto;1959;muut;20
saasto;1969;erpien;7
saasto;1969;rivita;14
saasto;1969;askert;16
saasto;1969;liike;25
saasto;1969;tsto;20
saasto;1969;liiken;25
saasto;1969;hoito;40
saasto;1969;kokoon;25
saasto;1969;opetus;20
saasto;1969;teoll;0
saasto;1969;varast;0
saasto;1969;muut;25
saasto;1979;erpien;10
saasto;1979;rivita;18
saasto;1979;askert;20
saasto;1979;liike;30
saasto;1979;tsto;25
saasto;1979;liiken;30
saasto;1979;hoito;45
saasto;1979;kokoon;30
saasto;1979;opetus;25
saasto;1979;teoll;0
saasto;1979;varast;0
saasto;1979;muut;30
saasto;1989;erpien;15
saasto;1989;rivita;16
saasto;1989;askert;19
saasto;1989;liike;27
saasto;1989;tsto;22
saasto;1989;liiken;27
saasto;1989;hoito;42
saasto;1989;kokoon;27
saasto;1989;opetus;22
saasto;1989;teoll;0
saasto;1989;varast;0
saasto;1989;muut;27
saasto;1999;erpien;18
saasto;1999;rivita;14
saasto;1999;askert;19
saasto;1999;liike;25
saasto;1999;tsto;20
saasto;1999;liiken;25
saasto;1999;hoito;40
saasto;1999;kokoon;25
saasto;1999;opetus;20
saasto;1999;teoll;0
saasto;1999;varast;0
saasto;1999;muut;25
saasto;2009;erpien;20
saasto;2009;rivita;14
saasto;2009;askert;23
saasto;2009;liike;25
saasto;2009;tsto;20
saasto;2009;liiken;25
saasto;2009;hoito;40
saasto;2009;kokoon;25
saasto;2009;opetus;20
saasto;2009;teoll;0
saasto;2009;varast;0
saasto;2009;muut;25
saasto;2010;erpien;17
saasto;2010;rivita;22
saasto;2010;askert;24
saasto;2010;liike;26
saasto;2010;tsto;21
saasto;2010;liiken;26
saasto;2010;hoito;41
saasto;2010;kokoon;26
saasto;2010;opetus;21
saasto;2010;teoll;0
saasto;2010;varast;0
saasto;2010;muut;26
saasto;2018;erpien;10
saasto;2018;rivita;20
saasto;2018;askert;22
saasto;2018;liike;25
saasto;2018;tsto;20
saasto;2018;liiken;25
saasto;2018;hoito;35
saasto;2018;kokoon;25
saasto;2018;opetus;20
saasto;2018;teoll;0
saasto;2018;varast;0
saasto;2018;muut;25
saasto;2019;erpien;10
saasto;2019;rivita;20
saasto;2019;askert;22
saasto;2019;liike;25
saasto;2019;tsto;20
saasto;2019;liiken;25
saasto;2019;hoito;35
saasto;2019;kokoon;25
saasto;2019;opetus;20
saasto;2019;teoll;0
saasto;2019;varast;0
saasto;2019;muut;25
saasto;2020;erpien;10
saasto;2020;rivita;20
saasto;2020;askert;22
saasto;2020;liike;25
saasto;2020;tsto;20
saasto;2020;liiken;25
saasto;2020;hoito;35
saasto;2020;kokoon;25
saasto;2020;opetus;20
saasto;2020;teoll;0
saasto;2020;varast;0
saasto;2020;muut;25
saasto;2021;erpien;10
saasto;2021;rivita;20
saasto;2021;askert;22
saasto;2021;liike;25
saasto;2021;tsto;20
saasto;2021;liiken;25
saasto;2021;hoito;35
saasto;2021;kokoon;25
saasto;2021;opetus;20
saasto;2021;teoll;0
saasto;2021;varast;0
saasto;2021;muut;25
saasto;2022;erpien;10
saasto;2022;rivita;20
saasto;2022;askert;22
saasto;2022;liike;25
saasto;2022;tsto;20
saasto;2022;liiken;25
saasto;2022;hoito;35
saasto;2022;kokoon;25
saasto;2022;opetus;20
saasto;2022;teoll;0
saasto;2022;varast;0
saasto;2022;muut;25
saasto;2023;erpien;10
saasto;2023;rivita;20
saasto;2023;askert;22
saasto;2023;liike;25
saasto;2023;tsto;20
saasto;2023;liiken;25
saasto;2023;hoito;35
saasto;2023;kokoon;25
saasto;2023;opetus;20
saasto;2023;teoll;0
saasto;2023;varast;0
saasto;2023;muut;25
saasto;2024;erpien;10
saasto;2024;rivita;20
saasto;2024;askert;22
saasto;2024;liike;25
saasto;2024;tsto;20
saasto;2024;liiken;25
saasto;2024;hoito;35
saasto;2024;kokoon;25
saasto;2024;opetus;20
saasto;2024;teoll;0
saasto;2024;varast;0
saasto;2024;muut;25
saasto;2025;erpien;10
saasto;2025;rivita;20
saasto;2025;askert;22
saasto;2025;liike;25
saasto;2025;tsto;20
saasto;2025;liiken;25
saasto;2025;hoito;35
saasto;2025;kokoon;25
saasto;2025;opetus;20
saasto;2025;teoll;0
saasto;2025;varast;0
saasto;2025;muut;25
saasto;2026;erpien;10
saasto;2026;rivita;20
saasto;2026;askert;22
saasto;2026;liike;25
saasto;2026;tsto;20
saasto;2026;liiken;25
saasto;2026;hoito;35
saasto;2026;kokoon;25
saasto;2026;opetus;20
saasto;2026;teoll;0
saasto;2026;varast;0
saasto;2026;muut;25
saasto;2027;erpien;10
saasto;2027;rivita;20
saasto;2027;askert;22
saasto;2027;liike;25
saasto;2027;tsto;20
saasto;2027;liiken;25
saasto;2027;hoito;35
saasto;2027;kokoon;25
saasto;2027;opetus;20
saasto;2027;teoll;0
saasto;2027;varast;0
saasto;2027;muut;25
saasto;2028;erpien;10
saasto;2028;rivita;20
saasto;2028;askert;22
saasto;2028;liike;25
saasto;2028;tsto;20
saasto;2028;liiken;25
saasto;2028;hoito;35
saasto;2028;kokoon;25
saasto;2028;opetus;20
saasto;2028;teoll;0
saasto;2028;varast;0
saasto;2028;muut;25
saasto;2029;erpien;10
saasto;2029;rivita;20
saasto;2029;askert;22
saasto;2029;liike;25
saasto;2029;tsto;20
saasto;2029;liiken;25
saasto;2029;hoito;35
saasto;2029;kokoon;25
saasto;2029;opetus;20
saasto;2029;teoll;0
saasto;2029;varast;0
saasto;2029;muut;25
saasto;2030;erpien;10
saasto;2030;rivita;20
saasto;2030;askert;22
saasto;2030;liike;25
saasto;2030;tsto;20
saasto;2030;liiken;25
saasto;2030;hoito;35
saasto;2030;kokoon;25
saasto;2030;opetus;20
saasto;2030;teoll;0
saasto;2030;varast;0
saasto;2030;muut;25
saasto;2031;erpien;10
saasto;2031;rivita;20
saasto;2031;askert;22
saasto;2031;liike;25
saasto;2031;tsto;20
saasto;2031;liiken;25
saasto;2031;hoito;35
saasto;2031;kokoon;25
saasto;2031;opetus;20
saasto;2031;teoll;0
saasto;2031;varast;0
saasto;2031;muut;25
saasto;2032;erpien;10
saasto;2032;rivita;20
saasto;2032;askert;22
saasto;2032;liike;25
saasto;2032;tsto;20
saasto;2032;liiken;25
saasto;2032;hoito;35
saasto;2032;kokoon;25
saasto;2032;opetus;20
saasto;2032;teoll;0
saasto;2032;varast;0
saasto;2032;muut;25
saasto;2033;erpien;10
saasto;2033;rivita;20
saasto;2033;askert;22
saasto;2033;liike;25
saasto;2033;tsto;20
saasto;2033;liiken;25
saasto;2033;hoito;35
saasto;2033;kokoon;25
saasto;2033;opetus;20
saasto;2033;teoll;0
saasto;2033;varast;0
saasto;2033;muut;25
saasto;2034;erpien;10
saasto;2034;rivita;20
saasto;2034;askert;22
saasto;2034;liike;25
saasto;2034;tsto;20
saasto;2034;liiken;25
saasto;2034;hoito;35
saasto;2034;kokoon;25
saasto;2034;opetus;20
saasto;2034;teoll;0
saasto;2034;varast;0
saasto;2034;muut;25
saasto;2035;erpien;10
saasto;2035;rivita;20
saasto;2035;askert;22
saasto;2035;liike;25
saasto;2035;tsto;20
saasto;2035;liiken;25
saasto;2035;hoito;35
saasto;2035;kokoon;25
saasto;2035;opetus;20
saasto;2035;teoll;0
saasto;2035;varast;0
saasto;2035;muut;25
saasto;2036;erpien;10
saasto;2036;rivita;20
saasto;2036;askert;22
saasto;2036;liike;25
saasto;2036;tsto;20
saasto;2036;liiken;25
saasto;2036;hoito;35
saasto;2036;kokoon;25
saasto;2036;opetus;20
saasto;2036;teoll;0
saasto;2036;varast;0
saasto;2036;muut;25
saasto;2037;erpien;10
saasto;2037;rivita;20
saasto;2037;askert;22
saasto;2037;liike;25
saasto;2037;tsto;20
saasto;2037;liiken;25
saasto;2037;hoito;35
saasto;2037;kokoon;25
saasto;2037;opetus;20
saasto;2037;teoll;0
saasto;2037;varast;0
saasto;2037;muut;25
saasto;2038;erpien;10
saasto;2038;rivita;20
saasto;2038;askert;22
saasto;2038;liike;25
saasto;2038;tsto;20
saasto;2038;liiken;25
saasto;2038;hoito;35
saasto;2038;kokoon;25
saasto;2038;opetus;20
saasto;2038;teoll;0
saasto;2038;varast;0
saasto;2038;muut;25
saasto;2039;erpien;10
saasto;2039;rivita;20
saasto;2039;askert;22
saasto;2039;liike;25
saasto;2039;tsto;20
saasto;2039;liiken;25
saasto;2039;hoito;35
saasto;2039;kokoon;25
saasto;2039;opetus;20
saasto;2039;teoll;0
saasto;2039;varast;0
saasto;2039;muut;25
saasto;2040;erpien;10
saasto;2040;rivita;20
saasto;2040;askert;22
saasto;2040;liike;25
saasto;2040;tsto;20
saasto;2040;liiken;25
saasto;2040;hoito;35
saasto;2040;kokoon;25
saasto;2040;opetus;20
saasto;2040;teoll;0
saasto;2040;varast;0
saasto;2040;muut;25
saasto;2041;erpien;10
saasto;2041;rivita;20
saasto;2041;askert;22
saasto;2041;liike;25
saasto;2041;tsto;20
saasto;2041;liiken;25
saasto;2041;hoito;35
saasto;2041;kokoon;25
saasto;2041;opetus;20
saasto;2041;teoll;0
saasto;2041;varast;0
saasto;2041;muut;25
saasto;2042;erpien;10
saasto;2042;rivita;20
saasto;2042;askert;22
saasto;2042;liike;25
saasto;2042;tsto;20
saasto;2042;liiken;25
saasto;2042;hoito;35
saasto;2042;kokoon;25
saasto;2042;opetus;20
saasto;2042;teoll;0
saasto;2042;varast;0
saasto;2042;muut;25
saasto;2043;erpien;10
saasto;2043;rivita;20
saasto;2043;askert;22
saasto;2043;liike;25
saasto;2043;tsto;20
saasto;2043;liiken;25
saasto;2043;hoito;35
saasto;2043;kokoon;25
saasto;2043;opetus;20
saasto;2043;teoll;0
saasto;2043;varast;0
saasto;2043;muut;25
saasto;2044;erpien;10
saasto;2044;rivita;20
saasto;2044;askert;22
saasto;2044;liike;25
saasto;2044;tsto;20
saasto;2044;liiken;25
saasto;2044;hoito;35
saasto;2044;kokoon;25
saasto;2044;opetus;20
saasto;2044;teoll;0
saasto;2044;varast;0
saasto;2044;muut;25
saasto;2045;erpien;10
saasto;2045;rivita;20
saasto;2045;askert;22
saasto;2045;liike;25
saasto;2045;tsto;20
saasto;2045;liiken;25
saasto;2045;hoito;35
saasto;2045;kokoon;25
saasto;2045;opetus;20
saasto;2045;teoll;0
saasto;2045;varast;0
saasto;2045;muut;25
saasto;2046;erpien;10
saasto;2046;rivita;20
saasto;2046;askert;22
saasto;2046;liike;25
saasto;2046;tsto;20
saasto;2046;liiken;25
saasto;2046;hoito;35
saasto;2046;kokoon;25
saasto;2046;opetus;20
saasto;2046;teoll;0
saasto;2046;varast;0
saasto;2046;muut;25
saasto;2047;erpien;10
saasto;2047;rivita;20
saasto;2047;askert;22
saasto;2047;liike;25
saasto;2047;tsto;20
saasto;2047;liiken;25
saasto;2047;hoito;35
saasto;2047;kokoon;25
saasto;2047;opetus;20
saasto;2047;teoll;0
saasto;2047;varast;0
saasto;2047;muut;25
saasto;2048;erpien;10
saasto;2048;rivita;20
saasto;2048;askert;22
saasto;2048;liike;25
saasto;2048;tsto;20
saasto;2048;liiken;25
saasto;2048;hoito;35
saasto;2048;kokoon;25
saasto;2048;opetus;20
saasto;2048;teoll;0
saasto;2048;varast;0
saasto;2048;muut;25
saasto;2049;erpien;10
saasto;2049;rivita;20
saasto;2049;askert;22
saasto;2049;liike;25
saasto;2049;tsto;20
saasto;2049;liiken;25
saasto;2049;hoito;35
saasto;2049;kokoon;25
saasto;2049;opetus;20
saasto;2049;teoll;0
saasto;2049;varast;0
saasto;2049;muut;25
saasto;2050;erpien;10
saasto;2050;rivita;20
saasto;2050;askert;22
saasto;2050;liike;25
saasto;2050;tsto;20
saasto;2050;liiken;25
saasto;2050;hoito;35
saasto;2050;kokoon;25
saasto;2050;opetus;20
saasto;2050;teoll;0
saasto;2050;varast;0
saasto;2050;muut;25
pysahdys;9999;erpien;1
pysahdys;9999;rivita;5
pysahdys;9999;askert;5
pysahdys;9999;liike;15
pysahdys;9999;tsto;10
pysahdys;9999;liiken;15
pysahdys;9999;hoito;30
pysahdys;9999;kokoon;15
pysahdys;9999;opetus;10
pysahdys;9999;teoll;0
pysahdys;9999;varast;0
pysahdys;9999;muut;15
pysahdys;1920;erpien;1
pysahdys;1920;rivita;5
pysahdys;1920;askert;5
pysahdys;1920;liike;15
pysahdys;1920;tsto;10
pysahdys;1920;liiken;15
pysahdys;1920;hoito;30
pysahdys;1920;kokoon;15
pysahdys;1920;opetus;10
pysahdys;1920;teoll;0
pysahdys;1920;varast;0
pysahdys;1920;muut;15
pysahdys;1929;erpien;1
pysahdys;1929;rivita;6
pysahdys;1929;askert;6
pysahdys;1929;liike;15
pysahdys;1929;tsto;10
pysahdys;1929;liiken;15
pysahdys;1929;hoito;30
pysahdys;1929;kokoon;15
pysahdys;1929;opetus;10
pysahdys;1929;teoll;0
pysahdys;1929;varast;0
pysahdys;1929;muut;15
pysahdys;1939;erpien;2
pysahdys;1939;rivita;7
pysahdys;1939;askert;7
pysahdys;1939;liike;17
pysahdys;1939;tsto;12
pysahdys;1939;liiken;17
pysahdys;1939;hoito;32
pysahdys;1939;kokoon;17
pysahdys;1939;opetus;12
pysahdys;1939;teoll;0
pysahdys;1939;varast;0
pysahdys;1939;muut;17
pysahdys;1949;erpien;2
pysahdys;1949;rivita;10
pysahdys;1949;askert;9
pysahdys;1949;liike;19
pysahdys;1949;tsto;14
pysahdys;1949;liiken;19
pysahdys;1949;hoito;34
pysahdys;1949;kokoon;19
pysahdys;1949;opetus;14
pysahdys;1949;teoll;0
pysahdys;1949;varast;0
pysahdys;1949;muut;19
pysahdys;1959;erpien;3
pysahdys;1959;rivita;12
pysahdys;1959;askert;12
pysahdys;1959;liike;20
pysahdys;1959;tsto;15
pysahdys;1959;liiken;20
pysahdys;1959;hoito;35
pysahdys;1959;kokoon;20
pysahdys;1959;opetus;15
pysahdys;1959;teoll;0
pysahdys;1959;varast;0
pysahdys;1959;muut;20
pysahdys;1969;erpien;7
pysahdys;1969;rivita;14
pysahdys;1969;askert;16
pysahdys;1969;liike;25
pysahdys;1969;tsto;20
pysahdys;1969;liiken;25
pysahdys;1969;hoito;40
pysahdys;1969;kokoon;25
pysahdys;1969;opetus;20
pysahdys;1969;teoll;0
pysahdys;1969;varast;0
pysahdys;1969;muut;25
pysahdys;1979;erpien;10
pysahdys;1979;rivita;18
pysahdys;1979;askert;20
pysahdys;1979;liike;30
pysahdys;1979;tsto;25
pysahdys;1979;liiken;30
pysahdys;1979;hoito;45
pysahdys;1979;kokoon;30
pysahdys;1979;opetus;25
pysahdys;1979;teoll;0
pysahdys;1979;varast;0
pysahdys;1979;muut;30
pysahdys;1989;erpien;15
pysahdys;1989;rivita;16
pysahdys;1989;askert;19
pysahdys;1989;liike;27
pysahdys;1989;tsto;22
pysahdys;1989;liiken;27
pysahdys;1989;hoito;42
pysahdys;1989;kokoon;27
pysahdys;1989;opetus;22
pysahdys;1989;teoll;0
pysahdys;1989;varast;0
pysahdys;1989;muut;27
pysahdys;1999;erpien;18
pysahdys;1999;rivita;14
pysahdys;1999;askert;19
pysahdys;1999;liike;25
pysahdys;1999;tsto;20
pysahdys;1999;liiken;25
pysahdys;1999;hoito;40
pysahdys;1999;kokoon;25
pysahdys;1999;opetus;20
pysahdys;1999;teoll;0
pysahdys;1999;varast;0
pysahdys;1999;muut;25
pysahdys;2009;erpien;20
pysahdys;2009;rivita;14
pysahdys;2009;askert;23
pysahdys;2009;liike;25
pysahdys;2009;tsto;20
pysahdys;2009;liiken;25
pysahdys;2009;hoito;40
pysahdys;2009;kokoon;25
pysahdys;2009;opetus;20
pysahdys;2009;teoll;0
pysahdys;2009;varast;0
pysahdys;2009;muut;25
pysahdys;2010;erpien;17
pysahdys;2010;rivita;22
pysahdys;2010;askert;24
pysahdys;2010;liike;26
pysahdys;2010;tsto;21
pysahdys;2010;liiken;26
pysahdys;2010;hoito;41
pysahdys;2010;kokoon;26
pysahdys;2010;opetus;21
pysahdys;2010;teoll;0
pysahdys;2010;varast;0
pysahdys;2010;muut;26
pysahdys;2018;erpien;10
pysahdys;2018;rivita;20
pysahdys;2018;askert;22
pysahdys;2018;liike;25
pysahdys;2018;tsto;20
pysahdys;2018;liiken;25
pysahdys;2018;hoito;35
pysahdys;2018;kokoon;25
pysahdys;2018;opetus;20
pysahdys;2018;teoll;0
pysahdys;2018;varast;0
pysahdys;2018;muut;25
pysahdys;2019;erpien;10
pysahdys;2019;rivita;20
pysahdys;2019;askert;22
pysahdys;2019;liike;25
pysahdys;2019;tsto;20
pysahdys;2019;liiken;25
pysahdys;2019;hoito;35
pysahdys;2019;kokoon;25
pysahdys;2019;opetus;20
pysahdys;2019;teoll;0
pysahdys;2019;varast;0
pysahdys;2019;muut;25
pysahdys;2020;erpien;10
pysahdys;2020;rivita;20
pysahdys;2020;askert;22
pysahdys;2020;liike;25
pysahdys;2020;tsto;20
pysahdys;2020;liiken;25
pysahdys;2020;hoito;35
pysahdys;2020;kokoon;25
pysahdys;2020;opetus;20
pysahdys;2020;teoll;0
pysahdys;2020;varast;0
pysahdys;2020;muut;25
pysahdys;2021;erpien;10
pysahdys;2021;rivita;20
pysahdys;2021;askert;22
pysahdys;2021;liike;25
pysahdys;2021;tsto;20
pysahdys;2021;liiken;25
pysahdys;2021;hoito;35
pysahdys;2021;kokoon;25
pysahdys;2021;opetus;20
pysahdys;2021;teoll;0
pysahdys;2021;varast;0
pysahdys;2021;muut;25
pysahdys;2022;erpien;10
pysahdys;2022;rivita;20
pysahdys;2022;askert;22
pysahdys;2022;liike;25
pysahdys;2022;tsto;20
pysahdys;2022;liiken;25
pysahdys;2022;hoito;35
pysahdys;2022;kokoon;25
pysahdys;2022;opetus;20
pysahdys;2022;teoll;0
pysahdys;2022;varast;0
pysahdys;2022;muut;25
pysahdys;2023;erpien;10
pysahdys;2023;rivita;20
pysahdys;2023;askert;22
pysahdys;2023;liike;25
pysahdys;2023;tsto;20
pysahdys;2023;liiken;25
pysahdys;2023;hoito;35
pysahdys;2023;kokoon;25
pysahdys;2023;opetus;20
pysahdys;2023;teoll;0
pysahdys;2023;varast;0
pysahdys;2023;muut;25
pysahdys;2024;erpien;10
pysahdys;2024;rivita;20
pysahdys;2024;askert;22
pysahdys;2024;liike;25
pysahdys;2024;tsto;20
pysahdys;2024;liiken;25
pysahdys;2024;hoito;35
pysahdys;2024;kokoon;25
pysahdys;2024;opetus;20
pysahdys;2024;teoll;0
pysahdys;2024;varast;0
pysahdys;2024;muut;25
pysahdys;2025;erpien;10
pysahdys;2025;rivita;20
pysahdys;2025;askert;22
pysahdys;2025;liike;25
pysahdys;2025;tsto;20
pysahdys;2025;liiken;25
pysahdys;2025;hoito;35
pysahdys;2025;kokoon;25
pysahdys;2025;opetus;20
pysahdys;2025;teoll;0
pysahdys;2025;varast;0
pysahdys;2025;muut;25
pysahdys;2026;erpien;10
pysahdys;2026;rivita;20
pysahdys;2026;askert;22
pysahdys;2026;liike;25
pysahdys;2026;tsto;20
pysahdys;2026;liiken;25
pysahdys;2026;hoito;35
pysahdys;2026;kokoon;25
pysahdys;2026;opetus;20
pysahdys;2026;teoll;0
pysahdys;2026;varast;0
pysahdys;2026;muut;25
pysahdys;2027;erpien;10
pysahdys;2027;rivita;20
pysahdys;2027;askert;22
pysahdys;2027;liike;25
pysahdys;2027;tsto;20
pysahdys;2027;liiken;25
pysahdys;2027;hoito;35
pysahdys;2027;kokoon;25
pysahdys;2027;opetus;20
pysahdys;2027;teoll;0
pysahdys;2027;varast;0
pysahdys;2027;muut;25
pysahdys;2028;erpien;10
pysahdys;2028;rivita;20
pysahdys;2028;askert;22
pysahdys;2028;liike;25
pysahdys;2028;tsto;20
pysahdys;2028;liiken;25
pysahdys;2028;hoito;35
pysahdys;2028;kokoon;25
pysahdys;2028;opetus;20
pysahdys;2028;teoll;0
pysahdys;2028;varast;0
pysahdys;2028;muut;25
pysahdys;2029;erpien;10
pysahdys;2029;rivita;20
pysahdys;2029;askert;22
pysahdys;2029;liike;25
pysahdys;2029;tsto;20
pysahdys;2029;liiken;25
pysahdys;2029;hoito;35
pysahdys;2029;kokoon;25
pysahdys;2029;opetus;20
pysahdys;2029;teoll;0
pysahdys;2029;varast;0
pysahdys;2029;muut;25
pysahdys;2030;erpien;10
pysahdys;2030;rivita;20
pysahdys;2030;askert;22
pysahdys;2030;liike;25
pysahdys;2030;tsto;20
pysahdys;2030;liiken;25
pysahdys;2030;hoito;35
pysahdys;2030;kokoon;25
pysahdys;2030;opetus;20
pysahdys;2030;teoll;0
pysahdys;2030;varast;0
pysahdys;2030;muut;25
pysahdys;2031;erpien;10
pysahdys;2031;rivita;20
pysahdys;2031;askert;22
pysahdys;2031;liike;25
pysahdys;2031;tsto;20
pysahdys;2031;liiken;25
pysahdys;2031;hoito;35
pysahdys;2031;kokoon;25
pysahdys;2031;opetus;20
pysahdys;2031;teoll;0
pysahdys;2031;varast;0
pysahdys;2031;muut;25
pysahdys;2032;erpien;10
pysahdys;2032;rivita;20
pysahdys;2032;askert;22
pysahdys;2032;liike;25
pysahdys;2032;tsto;20
pysahdys;2032;liiken;25
pysahdys;2032;hoito;35
pysahdys;2032;kokoon;25
pysahdys;2032;opetus;20
pysahdys;2032;teoll;0
pysahdys;2032;varast;0
pysahdys;2032;muut;25
pysahdys;2033;erpien;10
pysahdys;2033;rivita;20
pysahdys;2033;askert;22
pysahdys;2033;liike;25
pysahdys;2033;tsto;20
pysahdys;2033;liiken;25
pysahdys;2033;hoito;35
pysahdys;2033;kokoon;25
pysahdys;2033;opetus;20
pysahdys;2033;teoll;0
pysahdys;2033;varast;0
pysahdys;2033;muut;25
pysahdys;2034;erpien;10
pysahdys;2034;rivita;20
pysahdys;2034;askert;22
pysahdys;2034;liike;25
pysahdys;2034;tsto;20
pysahdys;2034;liiken;25
pysahdys;2034;hoito;35
pysahdys;2034;kokoon;25
pysahdys;2034;opetus;20
pysahdys;2034;teoll;0
pysahdys;2034;varast;0
pysahdys;2034;muut;25
pysahdys;2035;erpien;10
pysahdys;2035;rivita;20
pysahdys;2035;askert;22
pysahdys;2035;liike;25
pysahdys;2035;tsto;20
pysahdys;2035;liiken;25
pysahdys;2035;hoito;35
pysahdys;2035;kokoon;25
pysahdys;2035;opetus;20
pysahdys;2035;teoll;0
pysahdys;2035;varast;0
pysahdys;2035;muut;25
pysahdys;2036;erpien;10
pysahdys;2036;rivita;20
pysahdys;2036;askert;22
pysahdys;2036;liike;25
pysahdys;2036;tsto;20
pysahdys;2036;liiken;25
pysahdys;2036;hoito;35
pysahdys;2036;kokoon;25
pysahdys;2036;opetus;20
pysahdys;2036;teoll;0
pysahdys;2036;varast;0
pysahdys;2036;muut;25
pysahdys;2037;erpien;10
pysahdys;2037;rivita;20
pysahdys;2037;askert;22
pysahdys;2037;liike;25
pysahdys;2037;tsto;20
pysahdys;2037;liiken;25
pysahdys;2037;hoito;35
pysahdys;2037;kokoon;25
pysahdys;2037;opetus;20
pysahdys;2037;teoll;0
pysahdys;2037;varast;0
pysahdys;2037;muut;25
pysahdys;2038;erpien;10
pysahdys;2038;rivita;20
pysahdys;2038;askert;22
pysahdys;2038;liike;25
pysahdys;2038;tsto;20
pysahdys;2038;liiken;25
pysahdys;2038;hoito;35
pysahdys;2038;kokoon;25
pysahdys;2038;opetus;20
pysahdys;2038;teoll;0
pysahdys;2038;varast;0
pysahdys;2038;muut;25
pysahdys;2039;erpien;10
pysahdys;2039;rivita;20
pysahdys;2039;askert;22
pysahdys;2039;liike;25
pysahdys;2039;tsto;20
pysahdys;2039;liiken;25
pysahdys;2039;hoito;35
pysahdys;2039;kokoon;25
pysahdys;2039;opetus;20
pysahdys;2039;teoll;0
pysahdys;2039;varast;0
pysahdys;2039;muut;25
pysahdys;2040;erpien;10
pysahdys;2040;rivita;20
pysahdys;2040;askert;22
pysahdys;2040;liike;25
pysahdys;2040;tsto;20
pysahdys;2040;liiken;25
pysahdys;2040;hoito;35
pysahdys;2040;kokoon;25
pysahdys;2040;opetus;20
pysahdys;2040;teoll;0
pysahdys;2040;varast;0
pysahdys;2040;muut;25
pysahdys;2041;erpien;10
pysahdys;2041;rivita;20
pysahdys;2041;askert;22
pysahdys;2041;liike;25
pysahdys;2041;tsto;20
pysahdys;2041;liiken;25
pysahdys;2041;hoito;35
pysahdys;2041;kokoon;25
pysahdys;2041;opetus;20
pysahdys;2041;teoll;0
pysahdys;2041;varast;0
pysahdys;2041;muut;25
pysahdys;2042;erpien;10
pysahdys;2042;rivita;20
pysahdys;2042;askert;22
pysahdys;2042;liike;25
pysahdys;2042;tsto;20
pysahdys;2042;liiken;25
pysahdys;2042;hoito;35
pysahdys;2042;kokoon;25
pysahdys;2042;opetus;20
pysahdys;2042;teoll;0
pysahdys;2042;varast;0
pysahdys;2042;muut;25
pysahdys;2043;erpien;10
pysahdys;2043;rivita;20
pysahdys;2043;askert;22
pysahdys;2043;liike;25
pysahdys;2043;tsto;20
pysahdys;2043;liiken;25
pysahdys;2043;hoito;35
pysahdys;2043;kokoon;25
pysahdys;2043;opetus;20
pysahdys;2043;teoll;0
pysahdys;2043;varast;0
pysahdys;2043;muut;25
pysahdys;2044;erpien;10
pysahdys;2044;rivita;20
pysahdys;2044;askert;22
pysahdys;2044;liike;25
pysahdys;2044;tsto;20
pysahdys;2044;liiken;25
pysahdys;2044;hoito;35
pysahdys;2044;kokoon;25
pysahdys;2044;opetus;20
pysahdys;2044;teoll;0
pysahdys;2044;varast;0
pysahdys;2044;muut;25
pysahdys;2045;erpien;10
pysahdys;2045;rivita;20
pysahdys;2045;askert;22
pysahdys;2045;liike;25
pysahdys;2045;tsto;20
pysahdys;2045;liiken;25
pysahdys;2045;hoito;35
pysahdys;2045;kokoon;25
pysahdys;2045;opetus;20
pysahdys;2045;teoll;0
pysahdys;2045;varast;0
pysahdys;2045;muut;25
pysahdys;2046;erpien;10
pysahdys;2046;rivita;20
pysahdys;2046;askert;22
pysahdys;2046;liike;25
pysahdys;2046;tsto;20
pysahdys;2046;liiken;25
pysahdys;2046;hoito;35
pysahdys;2046;kokoon;25
pysahdys;2046;opetus;20
pysahdys;2046;teoll;0
pysahdys;2046;varast;0
pysahdys;2046;muut;25
pysahdys;2047;erpien;10
pysahdys;2047;rivita;20
pysahdys;2047;askert;22
pysahdys;2047;liike;25
pysahdys;2047;tsto;20
pysahdys;2047;liiken;25
pysahdys;2047;hoito;35
pysahdys;2047;kokoon;25
pysahdys;2047;opetus;20
pysahdys;2047;teoll;0
pysahdys;2047;varast;0
pysahdys;2047;muut;25
pysahdys;2048;erpien;10
pysahdys;2048;rivita;20
pysahdys;2048;askert;22
pysahdys;2048;liike;25
pysahdys;2048;tsto;20
pysahdys;2048;liiken;25
pysahdys;2048;hoito;35
pysahdys;2048;kokoon;25
pysahdys;2048;opetus;20
pysahdys;2048;teoll;0
pysahdys;2048;varast;0
pysahdys;2048;muut;25
pysahdys;2049;erpien;10
pysahdys;2049;rivita;20
pysahdys;2049;askert;22
pysahdys;2049;liike;25
pysahdys;2049;tsto;20
pysahdys;2049;liiken;25
pysahdys;2049;hoito;35
pysahdys;2049;kokoon;25
pysahdys;2049;opetus;20
pysahdys;2049;teoll;0
pysahdys;2049;varast;0
pysahdys;2049;muut;25
pysahdys;2050;erpien;10
pysahdys;2050;rivita;20
pysahdys;2050;askert;22
pysahdys;2050;liike;25
pysahdys;2050;tsto;20
pysahdys;2050;liiken;25
pysahdys;2050;hoito;35
pysahdys;2050;kokoon;25
pysahdys;2050;opetus;20
pysahdys;2050;teoll;0
pysahdys;2050;varast;0
pysahdys;2050;muut;25
